Username,Nickname,Messages,Tokens
"kevalin#4394","kevalin",2865,82819.70034126776
"Aswanth#1733","Aswanth",648,18958.65644220105
"pawel#0756","pawel",543,15934.114444275021
"hawtlava#2461","Ryu",439,12938.377608234005
"AMICA#7675","AMICA",415,12247.053722993767
"mf777#2873","mf777",382,11296.483380788448
"BenJ#0551","BenJ",370,10950.821438168328
"mhrnik#3998","mhrnik",355,10518.744009893178
"Charles_#4357","Charles_",345,10230.692391043083
"JayIRL#8804","JayIRL",341,10115.471743503043
"boshd#8094","boshd",242,7263.7607168870745
"soitsu#3079","soitsu",239,7177.345231232045
"rx#5834","rx",233,7004.514259921986
"virtual#4304","virtual",206,6226.774889026721
"pricel3ss#4743","pricel3ss",194,5881.112946406604
"ClaireBookworm#5393","ClaireBookworm",192,5823.502622636584
"VirTius#4407","VirTius",188,5708.2819750965455
"Inklin#7437","Inklin",168,5132.178737396349
"LZRS#8262","LZRS",161,4930.5426042012805
"Eric Berry#2971","Eric Berry",154,4728.906471006212
"better.law#0001","better.law",149,4584.880661581163
"adelidusiam#5606","adelidusiam",141,4354.439366501085
"neelr#5007","neelr",138,4268.023880846055
"nonfungiblemoyo#6269","nonfungiblemoyo",132,4095.1929095359965
"longtran#8358","longtran",117,3663.1154812608497
"tomknig#3487","tom",115,3605.5051574908302
"sama99#9710","sama99",111,3490.284509950791
"financeAENDart#0964","financeAENDart",111,3490.284509950791
"Qworg#3284","Qworg",110,3461.4793480657813
"ja-cob.eth - Meritverse#4232","Jacob",105,3317.453538640732
"jkey#2329","jkey",100,3173.427729215684
"jennifer hinkel#5065","jennifer hinkel",95,3029.4019197906346
"nicklinck#6691","nicklinck",94,3000.596757905625
"hellyeah#3287","hellyeah",91,2914.181272250595
"sj#6242","sj",88,2827.7657865955657
"sendhey#2899","sendhey",87,2798.960624710556
"Seneca Manu#9320","Seneca Manu",74,2424.493520205429
"connorg#4386","connor",71,2338.078034550399
"evann#0296","evann",69,2280.4677107803795
"DCH88#5921","DCH88",61,2050.0264157003016
"enx#8760","enx",60,2021.221253815292
"Napolean_Solo#2907","Napolean_Solo",60,2021.221253815292
"Paul | KILT Protocol#6254","Paul | KILT Protocol",59,1992.416091930282
"fr3klz#9604","fr3klz",59,1992.416091930282
"Party Doodle#2753","Party Doodle",58,1963.6109300452722
"graham#2727","graham",56,1906.0006062752525
"Ubiubi2018#9073","Ubiubi2018",55,1877.1954443902428
"Brennen Hodge | Citizen DAO#5274","Brennen Hodge | Citizen DAO",55,1877.1954443902428
"Big Sock#5757","Big Sock",54,1848.390282505233
"jml#0672","jml",54,1848.390282505233
"DonaldBullers#1534","DonaldBullers",52,1790.7799587352135
"PrimalNick#5619","PrimalNick",51,1761.9747968502038
"Neso#1690","Neso",50,1733.169634965194
"Lukas#1969","Lukas",49,1704.364473080184
"jzlegion#4444","jzlegion",49,1704.364473080184
"Geekakoo#6685","Geekakoo",49,1704.364473080184
"arjunaskykok#2440","arjunaskykok",47,1646.7541493101646
"kir#5555","kir",47,1646.7541493101646
"jonas.eth#5009","jonas.eth",46,1617.9489874251547
"OmnistratMatt#8692","OmnistratMatt",44,1560.338663655135
"Griz#3169","Griz",44,1560.338663655135
"joshpizzaro#4496","joshpizzaro",43,1531.5335017701252
"Notebook#6310","Notebook",43,1531.5335017701252
"emirbolen.eth#6782","emirbolen.eth",41,1473.9231780001057
"arpwal#7952","arpwal",40,1445.118016115096
"Alex_Y#8436","Alex_Y",39,1416.3128542300863
"ary#3766","ary",38,1387.5076923450763
"Lucas | DAOHQ#0001","lucaschu.eth",38,1387.5076923450763
"jacobpedd#3043","jacobpedd",38,1387.5076923450763
"reptAr#0752","reptAr",37,1358.7025304600666
"realsyedshah#6752","syedshah.eth",36,1329.8973685750568
"VladyslavB#9250","VladyslavB",36,1329.8973685750568
"andrewshvv#5138","gdb.eth",34,1272.287044805037
"playforthoughts#4837","playforthoughts",34,1272.287044805037
"Harbs#0162","Harbs",33,1243.4818829200271
"«™uickMythril#3670","«™uickMythril",32,1214.6767210350176
"Eric Zhu#3018","Eric Zhu",32,1214.6767210350176
"hypeman#1503","hypeman",32,1214.6767210350176
"Satoshiba#7422","Satoshiba",32,1214.6767210350176
"prego#5122","prego",31,1185.8715591500077
"0xAd1#2769","0xAd1",31,1185.8715591500077
"pseuddd1#4922","pseuddd1",31,1185.8715591500077
"d3sm0#1471","d3sm0",30,1157.066397264998
"GeoCities#5700","GeoCities",30,1157.066397264998
"matt-s#9417","matt-s",29,1128.2612353799882
"BeeSee#5553","BeeSee",29,1128.2612353799882
"austin#9342","austin",29,1128.2612353799882
"Randomish Walk#0601","Randomish Walk",29,1128.2612353799882
"zsyver#6294","zsyver",28,1099.4560734949782
"st_pablo#0915","st_pablo",27,1070.6509116099685
"chriss#4318","Chris",27,1070.6509116099685
"jesse#7347","jesse",26,1041.8457497249588
"rekpero#3898","rekpero",26,1041.8457497249588
"Flo_D#0878","Flo_D",26,1041.8457497249588
"lotusrising#3790","lotusrising",26,1041.8457497249588
"miles#7788","miles",26,1041.8457497249588
"chucho#8142","chucho",24,984.2354259549393
"MickeyK#6112","MickeyK",23,955.4302640699293
"becamp#5931","becamp",23,955.4302640699293
"rcornwall#1234","rcornwall",23,955.4302640699293
"rainmaker#2032","rainmaker",22,926.6251021849196
"Brady#0053","Brady Neal",22,926.6251021849196
"dtseto#1516","David Seto, Esq. davidseto.eth",22,926.6251021849196
"Bennett#4643","Bennett",21,897.8199402999098
"prot3us_#0588","prot3us_",20,869.0147784149001
"EnergyIsthmus#6932","EnergyIsthmus",20,869.0147784149001
"lorax#1392","lorax",20,869.0147784149001
"Exito#2134","Exito",20,869.0147784149001
"m1guelpf#4217","m1guelpf",20,869.0147784149001
"willsterr#2739","willsterr",20,869.0147784149001
"Killa_#7567","Igor Baikov",19,840.2096165298901
"kachow man#8407","kachow man",19,840.2096165298901
"Kae Sheng#1038","Kae Sheng",19,840.2096165298901
"EnergizeWorld#0724","EnergizeWorld",19,840.2096165298901
"Deleted User#0000","Deleted User",19,840.2096165298901
"AlEtherX#8561","AlEtherX",19,840.2096165298901
"skillsforsuccess#5145","skillsforsuccess",19,840.2096165298901
"cmej#4077","cmej",19,840.2096165298901
"shira#9703","shira",19,840.2096165298901
"Piyush#2523","Piyush",19,840.2096165298901
"schalkkearney#1031","schalkkearney",19,840.2096165298901
"AikiWiki#9913","AikiWiki",18,811.4044546448804
"corp#9788","corp",18,811.4044546448804
"sherm8n#3127","sherm8n",18,811.4044546448804
"robiosss#8701","robiosss",17,782.5992927598707
"Solon#8510","Solon",17,782.5992927598707
"Aceso#9204","Aceso",17,782.5992927598707
"Skrisiloff#7689","Skrisiloff",17,782.5992927598707
"xec#6601","xec",16,753.7941308748609
"Alice Hansen#8713","Alice Hansen",16,753.7941308748609
"CCFFDEAD#7482","CCFFDEAD",16,753.7941308748609
"Antoinette#5097","Antoinette",16,753.7941308748609
"sabina#1637","sabina",16,753.7941308748609
"davidh.eth#5637","davidh.eth",16,753.7941308748609
"ChrisCopyAI#5136","ChrisCopyAI",16,753.7941308748609
"idosimon#9731","idosimon",15,724.9889689898511
"berroxl#1085","berroxl",15,724.9889689898511
"0xKB#3425","0xKB",15,724.9889689898511
"xinyi#9954","xinyi",15,724.9889689898511
"Kash#3162","Kash",15,724.9889689898511
"phillenix#1727","phillenix",15,724.9889689898511
"nhaynes95#1612","nhaynes95",14,696.1838071048412
"0xkentaro#7836","0xkentaro",14,696.1838071048412
"Eric Zhu#6969","Eric Zhu",14,696.1838071048412
"cloudsport#6558","cloudsport",14,696.1838071048412
"pepeka42#9016","pepeka42",14,696.1838071048412
"Cyrus#4242","Cyrus",14,696.1838071048412
"bakerjake#2249","bakerjake",14,696.1838071048412
"CassCee#5870","CassCee",13,667.3786452198315
"Afonso | impactMarket ($PACT)#2070","Afonso | impactMarket ($PACT)",13,667.3786452198315
"zacharykatsnel#6908","zacharykatsnel",13,667.3786452198315
"Badmonky#4222","Badmonky",13,667.3786452198315
"mamacatpv#8285","mamacatpv",13,667.3786452198315
"legat#5637","legat",13,667.3786452198315
"bertrandrusselwilson#9036","bertrandrusselwilson",13,667.3786452198315
"cryptoken#1989","cryptoken",13,667.3786452198315
"lolibeat#9420","lolibeat",13,667.3786452198315
"Carsey#7622","Carsey",13,667.3786452198315
"Bergman#4572","Bergman",13,667.3786452198315
"netcat#5788","Ivy Evans (she/her)",13,667.3786452198315
"emolamol#5836","emolamol",13,667.3786452198315
"Katoshi#5154","Katoshi",12,638.5734833348217
"MotorcycleÔºàüì∑,üì∑ÔºâRabbitüê∞#8925","MotorcycleÔºàüì∑,üì∑ÔºâRabbitüê∞",12,638.5734833348217
"kelvin6766#0544","kelvin6766",12,638.5734833348217
"arooj#9300","arooj",11,609.7683214498118
"Yazars#6826","Yazars",11,609.7683214498118
"M3pT#9313","M3pT",11,609.7683214498118
"akhilp.eth#3757","akhilp.eth",11,609.7683214498118
"sneg55#3520","sneg55",11,609.7683214498118
"simba#6806","simba",11,609.7683214498118
"axiomatix#8226","axiomatix",11,609.7683214498118
"Fireshift#8654","Fireshift",11,609.7683214498118
"RoberDios#5742","RoberDios",11,609.7683214498118
"erikvanwinkle.eth#6530","erikvanwinkle.eth",11,609.7683214498118
"copelmayer.eth#6046","copelmayer.eth",11,609.7683214498118
"0xCyrus#0042","0xCyrus",11,609.7683214498118
"kodyline#2021","marcus",11,609.7683214498118
"evgeniy777#3347","evgeniy777",11,609.7683214498118
"XFLL#6219","XFLL",11,609.7683214498118
"rorhug#0001","rorhug",11,609.7683214498118
"Amun#0318","Amun",11,609.7683214498118
"nurlannurmanov#0026","nurlannurmanov",11,609.7683214498118
"andrew-schreiber#1234","andrew-schreiber",11,609.7683214498118
"Benn#1238","Benn",10,580.963159564802
"deepend#5162","deepend",10,580.963159564802
"Bugaga2000#3950","Bugaga2000",10,580.963159564802
"Taylorlynn#2004","Taylorlynn",10,580.963159564802
"guapard | EXVERSE |#8012","guapard | EXVERSE |",10,580.963159564802
"an1cu12.eth#8016","an1cu12.eth",10,580.963159564802
"W_#0007","W_",10,580.963159564802
"seanmcdonald.eth#1792","seanmcdonald.eth",10,580.963159564802
"aceee#2046","aceee",10,580.963159564802
"David_yesilikebooks#8026","David_yesilikebooks",9,552.1579976797923
"YLEM#0654","YLEM",9,552.1579976797923
"ittai#3150","Ittai",9,552.1579976797923
"V_Molinari#5223","V_Molinari",9,552.1579976797923
"OliverTvist#5026","OliverTvist",9,552.1579976797923
"ozone914#2374","ozone914",9,552.1579976797923
"ak554#3106","ak554",9,552.1579976797923
"utamadush#5658","utamadush",9,552.1579976797923
"imfarout#4916","imfarout",9,552.1579976797923
"chain surfer#7318","chain surfer",9,552.1579976797923
"searchableguy#5904","searchableguy",9,552.1579976797923
"nathan.eth#0001","nathan.eth",9,552.1579976797923
"sync.link#4494","sync.link",9,552.1579976797923
"OlaPhysix#9078","OlaPhysix",9,552.1579976797923
"verse#2142","verse",8,523.3528357947825
"elias_guineapig#2679","eli",8,523.3528357947825
"Aaryaman#0001","Aaryaman",8,523.3528357947825
"Chris#5446","Chris",8,523.3528357947825
"Rhomboid#4607","Rhomboid",8,523.3528357947825
"BeeBoi#1020","BeeBoi",8,523.3528357947825
"digitalswap#4762","digitalswap",8,523.3528357947825
"OxCrispy#3089","OxCrispy",8,523.3528357947825
"zaqy#7054","zaqy",8,523.3528357947825
"romad#9189","romad",8,523.3528357947825
"saugustu#4432","saugustu",8,523.3528357947825
"stevebug#3262","stevebug",8,523.3528357947825
"Fangio#0397","Fangio",8,523.3528357947825
"camarilla#3852","camarilla",8,523.3528357947825
"f1cken#7092","f1cken",8,523.3528357947825
"mohammad ameer#0928","mohammad ameer",8,523.3528357947825
"Lecter#6754","Lecter",8,523.3528357947825
"TsuDohNimh#6766","TsuDohNimh",8,523.3528357947825
"CCEEMM.ETH#0001","CCEEMM.ETH",8,523.3528357947825
"Arvi#7244","Arvi",8,523.3528357947825
"langmei#0007","lang",7,494.5476739097727
"Designer [GFXZ]#8207","Designer [GFXZ]",7,494.5476739097727
"uwu1#4864","uwu1",7,494.5476739097727
"Mr.Bull#0561","Mr.Bull",7,494.5476739097727
"Tim Carambat#3802","Tim Carambat",7,494.5476739097727
"niftynewbie#6393","niftynewbie",7,494.5476739097727
"jcsj#3705","jcsj",7,494.5476739097727
"Yahav#1368","Yahav",7,494.5476739097727
"kamran#1922","kamran",7,494.5476739097727
"steventey#3924","steventey",7,494.5476739097727
"sualehasif996#8908","sualehasif996",7,494.5476739097727
"GueRakun#0159","GueRakun",7,494.5476739097727
"psyops#3007","psyops",7,494.5476739097727
"joker13 Œû the other dao#6161","joker13 Œû the other dao",7,494.5476739097727
"killadelphia#9387","killadelphia",7,494.5476739097727
"Manket#6932","Manket",7,494.5476739097727
"abemassry#4602","abemassry",7,494.5476739097727
"javipark#8849","javipark",7,494.5476739097727
"justkaran#4082","justkaran",7,494.5476739097727
"ayanb.eth#0986","ayanb.eth",7,494.5476739097727
"Immanuel#4469","Immanuel",7,494.5476739097727
"SeaDragon#4392","SeaDragon",7,494.5476739097727
"will#5710","will",7,494.5476739097727
"LuckofBuck (Ben)#3777","LuckofBuck (Ben)",6,465.7425120247629
"kphemraj#2006","kphemraj",6,465.7425120247629
"RGRTHAT#4381","RGRTHAT",6,465.7425120247629
"cryptocrypto203#9210","cryptocrypto203",6,465.7425120247629
"honmashinsei#4535","honmashinsei",6,465.7425120247629
"baybutt#1093","baybutt",6,465.7425120247629
"ibab#2790","ibab",6,465.7425120247629
"Ale borda#2295","Ale borda",6,465.7425120247629
"legenddawg#7185","legenddawg",6,465.7425120247629
"spontaneousdani#0252","spontaneousdani",6,465.7425120247629
"JMI#6790","JMI",6,465.7425120247629
"Developer9300#3096","Developer9300",6,465.7425120247629
"iSILD#3316","iSILD",6,465.7425120247629
"MuchCoin#2576","MuchCoin",6,465.7425120247629
"vishalr#6172","vishalr",6,465.7425120247629
"ADCfan#6376","ADCfan",6,465.7425120247629
"gpal#6846","gpal",6,465.7425120247629
"Emito45#9248","Emito45",6,465.7425120247629
"gojira#3673","gojira",6,465.7425120247629
"ri‚Äîch#1022","ri‚Äîch",6,465.7425120247629
"ExDreamerWC3#7722","ExDreamerWC3",6,465.7425120247629
"ptrkdy#4442","ptrkdy",6,465.7425120247629
"daneshbadlani#6599","daneshbadlani",6,465.7425120247629
"Cryptocreated#8919","Cryptocreated",6,465.7425120247629
"Ps23Gold#9463","Ps23Gold",6,465.7425120247629
"MŒûLK#8101","MŒûLK",6,465.7425120247629
"KOOWONG#2410","KOOWONG",6,465.7425120247629
"ihar#7824","ihar",6,465.7425120247629
"dot#8888","dot",5,436.9373501397531
"ollie#9986","ollie",5,436.9373501397531
"Nord#4948","Nord",5,436.9373501397531
"debabrata#4488","debabrata",5,436.9373501397531
"Aveesh#1683","Aveesh",5,436.9373501397531
"Guardian#9643","Guardian",5,436.9373501397531
"madhavg.eth#4168","madhavg.eth",5,436.9373501397531
"cryptoGhandhi#1236","cryptoGhandhi",5,436.9373501397531
"nezamioculcas#9495","nezamioculcas",5,436.9373501397531
"AI_WAIFU#2844","AI_WAIFU",5,436.9373501397531
"MGP#4296","MGP",5,436.9373501397531
"cryptpalsingh#6143","cryptpalsingh",5,436.9373501397531
"abhirai#4320","abhirai",5,436.9373501397531
"Dfriedman#6773","Dfriedman",5,436.9373501397531
"Enki#9506","Enki",5,436.9373501397531
"imadee#6849","imadee",5,436.9373501397531
"Oxpepper.eth#6370","Oxpepper.eth",5,436.9373501397531
"rockefeller#4746","rockefeller",5,436.9373501397531
"SpeKKi#1433","SpeKKi",5,436.9373501397531
"Rioda#8188","Rioda",5,436.9373501397531
"schneida#1436","schneida",5,436.9373501397531
"bojack#1506","bojack",5,436.9373501397531
"gstej#0692","gstej",5,436.9373501397531
"haroon#5268","haroon",5,436.9373501397531
"TheSystem#4353","TheSystem",5,436.9373501397531
"janus#0150","janus",5,436.9373501397531
"Spidey#2169","Spidey",5,436.9373501397531
"Niezinhah#2075","Niezinhah",5,436.9373501397531
"GaryNEKO#0323","GaryNEKO",5,436.9373501397531
"0huahua#5115","0huahua",5,436.9373501397531
"sm0ke#8683","sm0ke",5,436.9373501397531
"sckncgl#3450","sckncgl",5,436.9373501397531
"shpr0ta#3334","shpr0ta",5,436.9373501397531
"CoolGrek#6307","CoolGrek",5,436.9373501397531
"noone#0711","noone",5,436.9373501397531
"rtver#3212","rtver",5,436.9373501397531
"Michail#1560","Michail",5,436.9373501397531
"lostcow#1394","lostcow",5,436.9373501397531
"sparks1030#9958","sparks1030",5,436.9373501397531
"ty13r#0303","ty13r",5,436.9373501397531
"HenkReardenUA#8181","HenkReardenUA",4,408.1321882547433
"Orlando#5565","Orlando",4,408.1321882547433
"brycc#4473","brycc",4,408.1321882547433
"asadoughi#6704","asadoughi",4,408.1321882547433
"whitelion#6329","whitelion",4,408.1321882547433
"stakepile#7999","stakepile",4,408.1321882547433
"Dunit#0530","Dunit",4,408.1321882547433
"dmvaldman#4711","dmvaldman",4,408.1321882547433
"Keeg#6651","Keeg",4,408.1321882547433
"r3dcl0ud#0007","r3dcl0ud",4,408.1321882547433
"friendlywhale51#3584","friendlywhale51",4,408.1321882547433
"degenapecrypto#2501","degenapecrypto",4,408.1321882547433
"tomiwaadey#5956","tomiwaadey",4,408.1321882547433
"nejc#9118","nejc",4,408.1321882547433
"alexnotis#9234","alexnotis",4,408.1321882547433
"H.T.S#8926","H.T.S",4,408.1321882547433
"danilakochatko#6976","danilakochatko",4,408.1321882547433
"–ê—Ä—Ç—ë–º131#6715","–ê—Ä—Ç—ë–º131",4,408.1321882547433
"stevenwalsh.eth#7043","stevenwalsh.eth",4,408.1321882547433
"√∏Din üê∫#2300","√∏Din üê∫",4,408.1321882547433
"OliverTwist#9763","OliverTwist",4,408.1321882547433
"CJ-Aivia#9906","CJ-Aivia",4,408.1321882547433
"cryptobebop.eth#2917","@cryptobebop9011",4,408.1321882547433
"nisten#0466","nisten",4,408.1321882547433
"Broosi#8185","Broosi",4,408.1321882547433
"lily777#3207","lily777",4,408.1321882547433
"gALEXy#6371","gALEXy",4,408.1321882547433
"mogs#3920","mogs",4,408.1321882547433
"Tim#1506","Tim | AtomicHub | pink.gg",4,408.1321882547433
"shawn#9697","shawn",4,408.1321882547433
"calebelston#8674","calebelston",4,408.1321882547433
"hazal#2422","hazal",4,408.1321882547433
"jmass1997#0308","jmass1997",4,408.1321882547433
"yitef#3524","yitef",4,408.1321882547433
"Munam Wasi#6375","MunamWasi",4,408.1321882547433
"Alex 2417246187264#2382","Alex 2417246187264",4,408.1321882547433
"Shookers#4678","Shookers",4,408.1321882547433
"NGNBoone#8844","NGNBoone",4,408.1321882547433
"in4ra3d#4585","in4ra3d",4,408.1321882547433
"sangsang87#4121","sangsang87",4,408.1321882547433
"Iron Man#1387","Iron Man",4,408.1321882547433
"ResoluteLogan#6652","ResoluteLogan",4,408.1321882547433
"BGDAGREAT#5028","BGDAGREAT",4,408.1321882547433
"shawn#3543","shawn",4,408.1321882547433
"chrisadamhuang#6325","chrisadamhuang",4,408.1321882547433
"bouyantwhale#1590","bouyantwhale",4,408.1321882547433
"sigil#6969","sigil",4,408.1321882547433
"leeey#2647","andrew",4,408.1321882547433
"Lion8848.eth#2021","lion8848.eth",4,408.1321882547433
"BILLYBMSTU#7053","BILLYBMSTU",4,408.1321882547433
"Nikky7#9121","Nikky7",4,408.1321882547433
"morte-ch#8200","morte-ch",4,408.1321882547433
"terminator#8672","terminator",4,408.1321882547433
"allu.eth#9788","allu.eth",4,408.1321882547433
"0xSenjka#2202","0xSenjka",4,408.1321882547433
"wabitoshi#2742","wabitoshi",4,408.1321882547433
"pisom#5976","pisom",4,408.1321882547433
"cg123#7910","cg123",4,408.1321882547433
"coconutgoblin#6020","coconutgoblin",4,408.1321882547433
"Shawki#8559","Shawki",4,408.1321882547433
"Bohdan1304 | TFC#1270","Bohdan1304 | TFC",4,408.1321882547433
"jaysonw#9733","jaysonw",4,408.1321882547433
"Jimmi#1111","Jimmi",4,408.1321882547433
"ashray#7588","ashray",4,408.1321882547433
"yumi#9817","yumi",4,408.1321882547433
"Koishi#6249","Koishi",4,408.1321882547433
"czizzy#6548","czizzy",4,408.1321882547433
"niuniu~wo#4158","niuniu~wo",4,408.1321882547433
"MushCoin#3602","MushCoin",4,408.1321882547433
"kasra#0001","kasra",4,408.1321882547433
"Bobby ·¥∞·¥ø·¥¨·¥≥·¥º·¥∫·îÜ ·¥¨·¥ø·¥±·¥∫·¥¨#9923","Bobby ·¥∞·¥ø·¥¨·¥≥·¥º·¥∫·îÜ ·¥¨·¥ø·¥±·¥∫·¥¨",4,408.1321882547433
"bambumalo#3656","bambumalo",4,408.1321882547433
"cesar0990#0025","cesar0990",4,408.1321882547433
"Karsus#7147","Karsus",4,408.1321882547433
"prat.eth#2974","prat.eth",3,379.3270263697335
"Prophet#0578","Prophet",3,379.3270263697335
"alecfwilson#2774","alecfwilson",3,379.3270263697335
"cryptovik#4630","cryptovik",3,379.3270263697335
"tonyac42#9107","tonyac42",3,379.3270263697335
"safwaan#1894","safwaan",3,379.3270263697335
"Alex Masmej (don‚Äôt send money)#4264","Alex Masmej (don‚Äôt send money)",3,379.3270263697335
"Trey#5427","Trey",3,379.3270263697335
"Mr.416#6218","Mr.416",3,379.3270263697335
"dill.eth#8402","dill.eth",3,379.3270263697335
"noellar#6710","noellar",3,379.3270263697335
"starman#7506","starman",3,379.3270263697335
"Yashvardhan_chauhan#8863","Yashvardhan_chauhan",3,379.3270263697335
"RexYe#8206","RexYe",3,379.3270263697335
"SocaBlood#7530","SocaBlood",3,379.3270263697335
"gubator#6805","gubator",3,379.3270263697335
"amarrazza#9709","amarrazza",3,379.3270263697335
"Matt B#0216","Matt B",3,379.3270263697335
"coleman#2896","coleman",3,379.3270263697335
"madhav#5260","madhav",3,379.3270263697335
"jordancarlisle.eth (Sow.vc)#6893","jordancarlisle.eth (Sow.vc)",3,379.3270263697335
"dx1618#1997","dx1618",3,379.3270263697335
"treyd.eth#4095","treyd.eth",3,379.3270263697335
"Dani in Tech#7337","Dani in Tech",3,379.3270263697335
"Nickolas#1247","Nickolas",3,379.3270263697335
"deficryptonow#4650","deficryptonow",3,379.3270263697335
"irwingtello#3623","irwingtello",3,379.3270263697335
"dreamer#1865","dreamer",3,379.3270263697335
"xmd404#4483","xmd404",3,379.3270263697335
"Roman Zaxarov#4354","Roman Zaxarov",3,379.3270263697335
"iigorkos#9764","iigorkos",3,379.3270263697335
"Steve Barns#2161","Steve Barns",3,379.3270263697335
"blackwhite#2789","blackwhite",3,379.3270263697335
"ritzer#2187","ritzer",3,379.3270263697335
"Afritech#6583","Afritech",3,379.3270263697335
"omer47#9758","omer47",3,379.3270263697335
"bcjordan#3719","bcjordan",3,379.3270263697335
"gbourgeo#9159","gbourgeo",3,379.3270263697335
"cheesntoast#9139","cheesntoast",3,379.3270263697335
"!        .NPNG#7327","!        .NPNG",3,379.3270263697335
"santamiura#2281","santamiura",3,379.3270263697335
"Vaibhav#0125","Vaibhav",3,379.3270263697335
"hotkartoffel#2160","ben | DAOnative",3,379.3270263697335
"‚Üí ùóóùóîùó°ùóúùóòùóü ‚Üê#0001","‚Üí ùóóùóîùó°ùóúùóòùóü ‚Üê",3,379.3270263697335
"Proharvester#9362","Proharvester",3,379.3270263697335
"dantone#7133","dantone",3,379.3270263697335
"fanahova.eth#4314","fanahova.eth",3,379.3270263697335
"Getmegone#2897","Getmegone",3,379.3270263697335
"MiniCooper#8532","MiniCooper",3,379.3270263697335
"Deleted#7465","Deleted",3,379.3270263697335
"reallymemorable#8178","reallymemorable",3,379.3270263697335
"ddd4#1888","ddd4",3,379.3270263697335
"bora#4827","bora",3,379.3270263697335
"techster.amman#7162","techster.amman",3,379.3270263697335
"cattopillo#6742","cattopillo",3,379.3270263697335
"codesherpa#8623","codesherpa",3,379.3270263697335
"bc2344#6635","bc2344",3,379.3270263697335
"unhappiimochii#5533","unhappiimochii",3,379.3270263697335
"ch#4688","ch",3,379.3270263697335
"distank#7705","distank",3,379.3270263697335
"toripapa#2496","toripapa",3,379.3270263697335
"Jacopo | Slice.so#9445","Jacopo | Slice.so",3,379.3270263697335
"rishi#7757","rishi",3,379.3270263697335
"JLByrne#8017","JLByrne",3,379.3270263697335
"!Googol#3462","!Googol",3,379.3270263697335
"nftwei#0592","nftwei",3,379.3270263697335
"aiaone#5204","aiaone",3,379.3270263697335
"Thomas#0444","Thomas",3,379.3270263697335
"mkjkk#5675","mkjkk",3,379.3270263697335
"cog#0300","cog",3,379.3270263697335
"rw#1111","! Metacommerce | Ryan",3,379.3270263697335
"Cartman#0420","Cartman",3,379.3270263697335
"viola#0421","viola",3,379.3270263697335
"Rocknrostov#0681","Rocknrostov",3,379.3270263697335
"–î–º–∏—Ç—Ä–∏–π–î–ú#7575","–î–º–∏—Ç—Ä–∏–π–î–ú",3,379.3270263697335
"veter.dsgn#4583","veter.dsgn",3,379.3270263697335
"Ildar#4846","Ildar",3,379.3270263697335
"strength#0491","strength",3,379.3270263697335
"tinydancerbugg#4863","tinydancerbugg",3,379.3270263697335
"R.Absurdum#9148","R.Absurdum",3,379.3270263697335
"Alex 2TOP#2020","Alex 2TOP",3,379.3270263697335
"keith#9202","keith",3,379.3270263697335
"Minato | CTO#5411","Minato | CTO",3,379.3270263697335
"Onus#8877","Onus",3,379.3270263697335
"Renza#7213","Renza",3,379.3270263697335
"crowddemocracy#3667","idea generator",3,379.3270263697335
"sharma#8919","sharma",3,379.3270263697335
"Maxximum Time#0030","Maxximum Time",3,379.3270263697335
"fasm#6338","fasm",3,379.3270263697335
"deeppsycho_art#2164","deeppsycho_art",3,379.3270263697335
"HqHu#6186","HqHu",3,379.3270263697335
"Febris Reddick#3567","Febris Reddick",3,379.3270263697335
"Vincent Weisser#9975","vincentweisser.eth",3,379.3270263697335
"Maxwell#1695","Maxwell",3,379.3270263697335
"aserfeliz#1623","aserfeliz",3,379.3270263697335
"we111uck („Äñ„Äó,„Äñ„Äó)#5312","we111uck („Äñ„Äó,„Äñ„Äó)",3,379.3270263697335
"RageRabb1t#3163","RageRabb1t",3,379.3270263697335
"Gerasimmm#2752","Gerasimmm",3,379.3270263697335
"alexsergeev#1373","alexsergeev",3,379.3270263697335
"Kisaretssasha#5076","Kisaretssasha",3,379.3270263697335
"buyandshort#5199","buyandshort",3,379.3270263697335
"Skoll#2094","Skoll",3,379.3270263697335
"gonzo#4599","gonzo",3,379.3270263697335
"LENINA PAKET#8009","LENINA PAKET",3,379.3270263697335
"flowybuilder#1502","flowybuilder",3,379.3270263697335
"conanxin#2110","conanxin",3,379.3270263697335
"Ashwin#9999","Ashwin",3,379.3270263697335
"ap#2471","ap",3,379.3270263697335
"maruo#3739","maruo",3,379.3270263697335
"shriram#8305","shriram",3,379.3270263697335
"Alexchain#8289","Alexchain",3,379.3270263697335
"alpoham#3216","alpoham",3,379.3270263697335
"23#3482","23",3,379.3270263697335
"Baron44 | project hive 9 lvl#0812","Baron44 | project hive 9 lvl",3,379.3270263697335
"starksuu#6719","starksuu",3,379.3270263697335
"sully#7457","sully",3,379.3270263697335
"Duluth#6307","Duluth",3,379.3270263697335
"cresencio#4214","cresencio",3,379.3270263697335
"franckjones#0001","franckjones",3,379.3270263697335
"drc1912#6410","drc1912",3,379.3270263697335
"aram#0001","aram",3,379.3270263697335
"shugo#8088","shugo",3,379.3270263697335
"avaxnaut#8644","avaxnaut",3,379.3270263697335
"brad#4116","brad",3,379.3270263697335
"Rob M.#5795","Rob M.",3,379.3270263697335
"henryLLdanger#9473","henryLLdanger",2,350.5218644847237
"Jamiecpc#2564","Jamiecpc",2,350.5218644847237
"wichita#0458","wichita",2,350.5218644847237
"why_carolina#0174","why_carolina",2,350.5218644847237
"Haole#4366","Haole",2,350.5218644847237
"serentel#9727","serentel",2,350.5218644847237
"Gari#6890","Gari",2,350.5218644847237
"Joseph ‚ú®üôÉ‚ú®#0001","Joseph ‚ú®üôÉ‚ú®",2,350.5218644847237
"Chofhe#3240","Chofhe",2,350.5218644847237
"ggaurav#1826","ggaurav",2,350.5218644847237
"Ghulamqadir3547#7985","Ghulamqadir3547",2,350.5218644847237
"!0xSword#5830","!0xSword",2,350.5218644847237
"alt1729.eth#8021","alt1729.eth",2,350.5218644847237
"ael#4269","ael",2,350.5218644847237
"eliam.eth#5303","eliam.eth",2,350.5218644847237
"jerry#0620","jerry",2,350.5218644847237
"Rohan77#6758","Rohan77",2,350.5218644847237
"hvz#0208","hvz",2,350.5218644847237
"samsargin#2263","samsargin",2,350.5218644847237
"Sergito#0001","Sergito",2,350.5218644847237
"hallowtipz#3665","hallowtipz",2,350.5218644847237
"wg___#7389","wg___",2,350.5218644847237
"solumos#3308","solumos",2,350.5218644847237
"mattroux#6910","mattroux",2,350.5218644847237
"Lucas Nestler (ClashLuke)#6301","Lucas Nestler (ClashLuke)",2,350.5218644847237
"0x113d#0113","0x113d",2,350.5218644847237
"shounak_sarkar#8833","shounak_sarkar",2,350.5218644847237
"Winterflags#6531","Winterflags",2,350.5218644847237
"emmy#1303","emmy",2,350.5218644847237
"joshua#6269","joshua",2,350.5218644847237
"Whiskey#4024","Whiskey",2,350.5218644847237
"Deepak bhat#9696","Deepak bhat",2,350.5218644847237
"hurrya2011#2864","hurrya2011",2,350.5218644847237
"BC.O - Gaming Ape Club#9988","BC.O - Gaming Ape Club",2,350.5218644847237
"enrey#6155","enrey",2,350.5218644847237
"honeyBunni#3860","honeyBunni",2,350.5218644847237
"aleks#5685","aleks",2,350.5218644847237
"KNO#6894","KNO",2,350.5218644847237
"Tr0p1c4lQu4s4r#6413","Tr0p1c4lQu4s4r",2,350.5218644847237
"YoureMyBoyBlue#2808","YoureMyBoyBlue",2,350.5218644847237
"pullkit#8815","pullkit",2,350.5218644847237
"doodle#1078","doodle",2,350.5218644847237
"FCollin#5477","FCollin",2,350.5218644847237
"radman#2340","radman",2,350.5218644847237
"Commander photosynthesis#4573","Commander photosynthesis",2,350.5218644847237
"bha#3890","bha",2,350.5218644847237
"lorecrafting#6787","lorecrafting",2,350.5218644847237
"djcampbell#9846","djcampbell",2,350.5218644847237
"Velorum#2595","Velorum",2,350.5218644847237
"FLICK#5101","FLICK",2,350.5218644847237
"cryptodegen2022#6913","cryptodegen2022",2,350.5218644847237
"apedegen1#6155","apedegen1",2,350.5218644847237
"getthatmoney20#8354","getthatmoney20",2,350.5218644847237
"AFRO DAO ( üñ§ , üñ§ ) afrodao.ŒûTH#1757","AFRO DAO ( üñ§ , üñ§ ) afrodao.ŒûTH",2,350.5218644847237
"Yambo.eth#0001","Yambo.eth",2,350.5218644847237
"serpunk.eth#1994","serpunk.eth",2,350.5218644847237
"RixGov#1700","RixGov",2,350.5218644847237
"0xRiki#0062","0xRiki",2,350.5218644847237
"Salil#3676","Salil",2,350.5218644847237
"david.th340d.hopkins#3670","david.th340d.hopkins",2,350.5218644847237
"RebelCat#7773","RebelCat",2,350.5218644847237
"wudd#3287","wudd",2,350.5218644847237
"Jake Tay | jtay#4048","Jake Tay | jtay",2,350.5218644847237
"Devendra#0001","Devendra",2,350.5218644847237
"skyler#9744","skyler",2,350.5218644847237
"JovanJester#6522","JovanJester",2,350.5218644847237
"kachow#8407","kachow",2,350.5218644847237
"bokababa413119(üêá,üï≥)(üêá,üé©)#8649","bokababa413119(üêá,üï≥)(üêá,üé©)",2,350.5218644847237
"chinns4ru#8251","chinns4ru",2,350.5218644847237
"kektraider#7464","kektraider",2,350.5218644847237
"Pat#8438","Pat",2,350.5218644847237
"Romi4#3224","Romi4",2,350.5218644847237
"Alese4ka#9158","Alese4ka",2,350.5218644847237
"Aznavur#7490","Aznavur",2,350.5218644847237
"feliszh#6528","feliszh",2,350.5218644847237
"kirillSinatos#9618","kirillSinatos",2,350.5218644847237
"shevfff#6174","shevfff",2,350.5218644847237
"Trofim Konuhov#9828","Trofim Konuhov",2,350.5218644847237
"eternalsman#4754","eternalsman",2,350.5218644847237
"Satuzer#0942","Satuzer",2,350.5218644847237
"cryptoSeamaN#5409","cryptoSeamaN",2,350.5218644847237
"Gladkyi#5823","Gladkyi",2,350.5218644847237
"sergsor03#9979","sergsor03",2,350.5218644847237
"Brskvo#1544","Brskvo",2,350.5218644847237
"DreamersApparel#8342","DreamersApparel",2,350.5218644847237
"Grozen#1134","Grozen",2,350.5218644847237
"aarohi#3200","aarohi",2,350.5218644847237
"El Pile#5391","El Pile",2,350.5218644847237
"ghees#4953","ghees",2,350.5218644847237
"peteypablo#9484","peteypablo",2,350.5218644847237
"PlumpTheBrave#4056","PlumpTheBrave",2,350.5218644847237
"Remin#8314","Remin",2,350.5218644847237
"Joisboss121#3080","Joisboss121",2,350.5218644847237
"marcvs#2968","marcvs",2,350.5218644847237
"Kubota#9100","Kubota",2,350.5218644847237
"orleander#1230","orleander",2,350.5218644847237
"0x Franklin#2356","0x Franklin",2,350.5218644847237
"appsdesh#5426","appsdesh",2,350.5218644847237
"Nini (Nihilistwithmeaning)#2898","Nini (Nihilistwithmeaning)",2,350.5218644847237
"sorgxsorg#0476","sorgxsorg",2,350.5218644847237
"kool_kidd#0589","kool_kidd",2,350.5218644847237
"meplov#6094","meplov",2,350.5218644847237
"angelo | build_#0202","angelo | build_",2,350.5218644847237
"happyfisherod#4146","happyfisherod",2,350.5218644847237
"Raven457#0702","Raven457",2,350.5218644847237
"lazymoose_nfts#1442","lazymoose_nfts",2,350.5218644847237
"RoboTeddy#8718","RoboTeddy",2,350.5218644847237
"jackwzp#9463","jackwzp",2,350.5218644847237
"Podger#5764","Podger",2,350.5218644847237
"Ibrahim Gad#6750","Ibrahim Gad",2,350.5218644847237
"Sayonara#1850","Sayonara",2,350.5218644847237
"The Jester#2080","The Jester",2,350.5218644847237
"supertramp#1623","supertramp",2,350.5218644847237
"—è_·¥Ω ·¥±·¥∏‚ï¨·¥≥·¥ø·µâ·µâ·¥∫ ·¥Ω#8986","—è_·¥Ω ·¥±·¥∏‚ï¨·¥≥·¥ø·µâ·µâ·¥∫ ·¥Ω",2,350.5218644847237
"nomirolce#0773","nomirolce",2,350.5218644847237
"Lorenzo T#8696","Lorenzo T",2,350.5218644847237
"peterxing#4474","peterxing",2,350.5218644847237
"William X#0001","William X",2,350.5218644847237
"omnifient#7921","omnifient",2,350.5218644847237
"cocoutier#9225","cocoutier",2,350.5218644847237
"dbieber#3364","dbieber",2,350.5218644847237
"‚Ç≥.#1802","‚Ç≥.",2,350.5218644847237
"VadersFather#1264","VadersFather",2,350.5218644847237
"refined#7945","refined",2,350.5218644847237
"iikitty#8970","iikitty",2,350.5218644847237
"wolf30#4558","wolf30",2,350.5218644847237
"tomgrigory#4520","tomgrigory",2,350.5218644847237
"Pratik#3900","Pratik",2,350.5218644847237
"m24#7771","mku",2,350.5218644847237
"fyodorniso#3927","fyodorniso",2,350.5218644847237
"Stef#5359","Stef",2,350.5218644847237
"Stefan 46664#0812","Stefan 46664",2,350.5218644847237
"Brittyx(„Äñ„Äó,„Äñ„Äó)#0690","Brittyx(„Äñ„Äó,„Äñ„Äó)",2,350.5218644847237
"wanderer2049#4728","wanderer2049",2,350.5218644847237
"JacksonF#0164","JacksonF",2,350.5218644847237
"Arpxdx#2201","Arpxdx",2,350.5218644847237
"izsu#2545","izsu",2,350.5218644847237
"HauntedMongrel#4012","HauntedMongrel",2,350.5218644847237
"SoapBoxRocket#7562","SoapBoxRocket",2,350.5218644847237
"thesixthroc#0515","thesixthroc",2,350.5218644847237
"fieryfer.sol#1849","fieryfer.sol",2,350.5218644847237
"ktoi#3284","ktoi",2,350.5218644847237
"Lauro#9981","Lauro",2,350.5218644847237
"HusainHZ7#9039","HusainHZ7",2,350.5218644847237
"CASŒûY#2271","CASŒûY",2,350.5218644847237
"glimpse#0094","glimpse",2,350.5218644847237
"Viki#1124","Viki",2,350.5218644847237
"Clavis#1991","Clavis",2,350.5218644847237
"wayne27#8591","wayne27",2,350.5218644847237
"ole#7881","ole",2,350.5218644847237
"nobody0x#4989","nobody0x",2,350.5218644847237
"bitrock#6882","bitrock",2,350.5218644847237
"crashandlearn#7431","crashandlearn",2,350.5218644847237
"altryne#7376","altryne",2,350.5218644847237
"Villatrax#7117","Villatrax",2,350.5218644847237
"helloweb3.eth#2357","helloweb3.eth",2,350.5218644847237
"liamhorne#3565","liamhorne",2,350.5218644847237
"edgeofthenoise#6024","edgeofthenoise",2,350.5218644847237
"im_aagu#0360","im_aagu",2,350.5218644847237
"Oaksilk#5271","Oaksilk",2,350.5218644847237
"Kaboom#3161","Kaboom",2,350.5218644847237
"pithecus#9288","pithecus",2,350.5218644847237
"violet#3345","violet",2,350.5218644847237
"bzz#2736","bzz",2,350.5218644847237
"brucelee#5205","brucelee",2,350.5218644847237
"trigger#7584","trigger",2,350.5218644847237
"Prestx00#6064","Prestx00",2,350.5218644847237
"Okam1i#0848","Okam1i",2,350.5218644847237
"vladislav#5308","vladislav",2,350.5218644847237
"dialsan#3300","dialsan",2,350.5218644847237
"Oleg124#1755","Oleg124",2,350.5218644847237
"severian#5368","severian",2,350.5218644847237
"aaammm#0631","aaammm",2,350.5218644847237
"NickV#6751","NickV",2,350.5218644847237
"Doit#2449","Doit",2,350.5218644847237
"Kraken365#6684","Kraken365",2,350.5218644847237
"Artem#1530","Artem",2,350.5218644847237
"Ihor2050#5886","Ihor2050",2,350.5218644847237
"–ú–∞—Ä—É—Å—è#0424","–ú–∞—Ä—É—Å—è",2,350.5218644847237
"Zoomer_sevntu(‚àû)#4109","Zoomer_sevntu(‚àû)",2,350.5218644847237
"Riko#3541","Riko",2,350.5218644847237
"Conmehrer#6688","Conmehrer",2,350.5218644847237
"HeadLarenney#0272","HeadLarenney",2,350.5218644847237
"SpaceFag#2608","SpaceFag",2,350.5218644847237
"griboedovbrid#7350","griboedovbrid",2,350.5218644847237
"Litanna321#8348","Litanna321",2,350.5218644847237
"Alexandr Gurylev#3001","Alexandr Gurylev",2,350.5218644847237
"Vikchain#7373","Vikchain",2,350.5218644847237
"peppi#9669","peppi",2,350.5218644847237
"Ambatolamba#7834","Ambatolamba",2,350.5218644847237
"purple_drank#1487","purple_drank",2,350.5218644847237
"No_god_please_no#2237","No_god_please_no",2,350.5218644847237
"nitroglicerin#0239","nitroglicerin",2,350.5218644847237
"genderfluidniyVetroseksyal#7968","genderfluidniyVetroseksyal",2,350.5218644847237
"SOUTHYYY#1621","SOUTHYYY",2,350.5218644847237
"QuQuha07#0165","QuQuha07",2,350.5218644847237
"Polina ERm#2653","Polina ERm",2,350.5218644847237
"zl0T#1892","zl0T",2,350.5218644847237
"zurlvmweese#0279","zurlvmweese",2,350.5218644847237
"NELSON3458#1425","NELSON3458",2,350.5218644847237
"Hohol777#5450","Hohol777",2,350.5218644847237
"Amir | Solace#6487","Amir | Solace",2,350.5218644847237
"bigd#2218","bigd",2,350.5218644847237
"MrAlexE#0196","MrAlexE",2,350.5218644847237
"camillalaishta#4339","camillalaishta",2,350.5218644847237
"ovidio#1081","ovidio",2,350.5218644847237
"lunathosg#4001","lunathosg",2,350.5218644847237
"Jhossed#8724","Jhossed",2,350.5218644847237
"sstchia#6423","sstchia",2,350.5218644847237
"harryinca#2655","harryinca",2,350.5218644847237
"mazyck_nancy#3474","mazyck_nancy",2,350.5218644847237
"Seb#4321","Seb",2,350.5218644847237
"BenKatz#7909","BenKatz",2,350.5218644847237
"blizzy312#6377","blizzy312",2,350.5218644847237
"chanelcoco#4816","chanelcoco",2,350.5218644847237
"whenry#1658","whenry",2,350.5218644847237
"GreyPK#7928","GreyPK",2,350.5218644847237
"Toren#4768","Toren",2,350.5218644847237
"Zion#1086","Zion",2,350.5218644847237
"Mattspalter#9169","Mattspalter",2,350.5218644847237
"MarioHe#7408","MarioHe",2,350.5218644847237
"Ahmad Baracat#6769","Ahmad Baracat",2,350.5218644847237
"Santa117#9112","Santa117",2,350.5218644847237
"grot87#4663","grot87",2,350.5218644847237
"Didiqwara#2177","Didiqwara",2,350.5218644847237
"nickyaldi#2509","nickyaldi",2,350.5218644847237
"SunskyXH#0117","SunskyXH",2,350.5218644847237
"bestsummerever#4552","bestsummerever",2,350.5218644847237
"Spieler#5424","Spieler",2,350.5218644847237
"Kaito#3253","Kaito",2,350.5218644847237
"gee#5137","gee",2,350.5218644847237
"zanes#9176","zanes",2,350.5218644847237
"hodler(üçö , üçö)#7354","hodler(üçö , üçö)",2,350.5218644847237
"seankao16#1519","seankao16",2,350.5218644847237
"PolloDumas#1537","PolloDumas",2,350.5218644847237
"Dr-Scout#9225","Dr-Scout",2,350.5218644847237
"Jup#7458","Jup",2,350.5218644847237
"0xManujaya#1878","0xManujaya",2,350.5218644847237
"0xflyingmountain#4786","0xflyingmountain",2,350.5218644847237
"Relax#4285","Relax",2,350.5218644847237
"danicuki#5520","danicuki",2,350.5218644847237
"bigbrain#5350","bigbrain",2,350.5218644847237
"Arsenale#4369","Hellpanda",2,350.5218644847237
"iSteve Yang#4429","iSteve Yang",2,350.5218644847237
"Sergei#7904","Sergei",2,350.5218644847237
"barbeach#5873","barbeach",2,350.5218644847237
"Nadicello#2438","Nadicello",2,350.5218644847237
"Dmitrii#9173","Dmitrii",2,350.5218644847237
"Zetramon#8743","Zetramon",2,350.5218644847237
"ArtTT#3679","ArtTT",2,350.5218644847237
"alexcats282#5811","alexcats282",2,350.5218644847237
"cowbibobi#6796","cowbibobi",2,350.5218644847237
"shulkindanya#2460","shulkindanya",2,350.5218644847237
"kellykim#7620","kellykim",2,350.5218644847237
"Alexfen#0944","Alexfen",2,350.5218644847237
"dariazlova#4501","dariazlova",2,350.5218644847237
"Farkas üê∫#7996","Farkas üê∫",2,350.5218644847237
"Dasha06|TFC#0548","Dasha06|TFC",2,350.5218644847237
"anna_#9366","anna_",2,350.5218644847237
"harenzo#2599","harenzo",2,350.5218644847237
"ResidentTGT#2058","ResidentTGT",2,350.5218644847237
"anteloper.eth#8392","anteloper.eth",2,350.5218644847237
"kiko#5371","kiko",2,350.5218644847237
"morssigrv#6679","morssigrv",2,350.5218644847237
"angelmonkey27#6063","angelmonkey27",2,350.5218644847237
"diablo_dude_xp#9957","diablo_dude_xp",2,350.5218644847237
"BarryClams#0076","BarryClams",2,350.5218644847237
"loitering_gorilla#9179","loitering_gorilla",2,350.5218644847237
"ChrisLakin#6623","ChrisLakin",2,350.5218644847237
"juuso#2318","juuso",2,350.5218644847237
"02#5482","02",1,321.7167025997139
"miketery#0330","miketery",1,321.7167025997139
"Avneesh#6778","Avneesh",1,321.7167025997139
"rgc#6888","rgc",1,321.7167025997139
"WillyWonka3#0291","WillyWonka3",1,321.7167025997139
"jwhayles3#0400","jwhayles3",1,321.7167025997139
"talukder100#6021","talukder100",1,321.7167025997139
"Kings#1719","Kings",1,321.7167025997139
"elawless#2114","elawless",1,321.7167025997139
"–û–¥–Ω–∞–∫–æ—Å–º–µ–ª—ã–π#8282","–û–¥–Ω–∞–∫–æ—Å–º–µ–ª—ã–π",1,321.7167025997139
"samzy#1096","samzy",1,321.7167025997139
"velvetmilkman#0391","velvetmilkman",1,321.7167025997139
"EmrahY#7897","EmrahY",1,321.7167025997139
"Scott_M#5683","Scott_M",1,321.7167025997139
"kennethcassel.eth#9999","kennethcassel.eth",1,321.7167025997139
"zapiens#0465","zapiens",1,321.7167025997139
"Rockodice#5100","Rockodice",1,321.7167025997139
"simply#3434","simply",1,321.7167025997139
"aaron#9232","aaron",1,321.7167025997139
"ryco#1515","ryco",1,321.7167025997139
"moji2020#4947","moji2020",1,321.7167025997139
"TooManyBags#3359","Raza",1,321.7167025997139
"Ogion#6341","Ogion",1,321.7167025997139
"niyogi#8213","niyogi",1,321.7167025997139
"storm928#4147","storm928",1,321.7167025997139
"Not_Elm0#0778","Not_Elm0",1,321.7167025997139
"Tameem#2718","Tameem",1,321.7167025997139
"talhaa#5545","talhaa",1,321.7167025997139
"pbillingsby.eth#3207","pbillingsby.eth",1,321.7167025997139
"GABRIEL fatiede#7028","GABRIEL fatiede",1,321.7167025997139
"VinGan#6985","VinGan",1,321.7167025997139
"Dorit#8049","Dorit",1,321.7167025997139
"0xSam#0773","0xSam",1,321.7167025997139
"bhaavendetta#2596","bhaavendetta",1,321.7167025997139
"revoline#0666","revoline",1,321.7167025997139
"buddy#2783","buddy",1,321.7167025997139
"Rmatai#4531","Rmatai",1,321.7167025997139
"0xShades#7777","0xShades",1,321.7167025997139
"suburbanaxe#6099","suburbanaxe",1,321.7167025997139
"Pavan#8527","Pavan",1,321.7167025997139
"spacetime#6905","spacetime",1,321.7167025997139
"Agnear1#8196","Agnear1",1,321.7167025997139
"ginter#5181","ginter",1,321.7167025997139
"saturn#9121","saturn",1,321.7167025997139
"Sumit#4845","Sumit",1,321.7167025997139
"TraderAllenPoe#5495","TraderAllenPoe",1,321.7167025997139
"Gaston Der#1209","Gaston Der",1,321.7167025997139
"philipp#1713","philipp",1,321.7167025997139
"shitposter42#1234","shitposter42",1,321.7167025997139
"JambaLaya#0386","JambaLaya",1,321.7167025997139
"andreaskoepf#2266","andreaskoepf",1,321.7167025997139
"jamesmishra#2354","jamesmishra",1,321.7167025997139
"eljose#2165","eljose",1,321.7167025997139
"deepfates#5355","deepfates",1,321.7167025997139
"esm#8798","esm",1,321.7167025997139
"Automaton#9539","Automaton",1,321.7167025997139
"navin#5239","navin",1,321.7167025997139
"Franka#1802","Franka",1,321.7167025997139
"0x000FF4#0777","0x000FF4",1,321.7167025997139
"hiroto#2022","hiroto",1,321.7167025997139
"Sleiphnir#8217","Sleiphnir",1,321.7167025997139
"cryptony#2333","cryptony",1,321.7167025997139
"rkgtk#0899","rkgtk",1,321.7167025997139
"fey#0026","fey",1,321.7167025997139
"md#8061","md",1,321.7167025997139
"mazora#7367","mazora",1,321.7167025997139
"Ca$hew#1876","Ca$hew",1,321.7167025997139
"anupmme#0322","anupmme",1,321.7167025997139
"kaplanf#6942","kaplanf",1,321.7167025997139
"chrisraible#3026","chrisraible",1,321.7167025997139
"jbone#4842","jbone",1,321.7167025997139
"xaltgeist#6492","xaltgeist",1,321.7167025997139
"guiporto#4262","guiporto",1,321.7167025997139
"tdm#2053","tdm",1,321.7167025997139
"Cypher#0511","Cypher",1,321.7167025997139
"SamNG#0331","SamNG",1,321.7167025997139
"frankie#9093","frankie",1,321.7167025997139
"jmayersf#3261","jmayersf",1,321.7167025997139
"Rifal#0806","Rifal",1,321.7167025997139
"jayefan#9168","jayefan",1,321.7167025997139
"Riz#2086","Riz",1,321.7167025997139
"willworth#8430","willworth",1,321.7167025997139
"UtahJazz#1390","UtahJazz",1,321.7167025997139
"FaddyBaton#0815","FaddyBaton",1,321.7167025997139
"kokoko#3667","kokoko",1,321.7167025997139
"lukasz755#5093","lukasz755",1,321.7167025997139
"kory#8900","kory",1,321.7167025997139
"Sean McCarty (mccar721)#6060","Sean McCarty (mccar721)",1,321.7167025997139
"Drgh#2824","Drgh",1,321.7167025997139
"Wei#6651","Wei",1,321.7167025997139
"asynchio#7800","asynchio",1,321.7167025997139
"parag#5179","parag",1,321.7167025997139
"Syn.Com#7049","Syn.Com",1,321.7167025997139
"Pedro#3811","Pedro",1,321.7167025997139
"wolfgangsk#4265","wolfgangsk",1,321.7167025997139
"xokr8s#3530","xokr8s",1,321.7167025997139
"RR#0338","RR",1,321.7167025997139
"·õÉ·ö¢·õä·õè ·ö±·õñ·ö®·õû#1647","·õÉ·ö¢·õä·õè ·ö±·õñ·ö®·õû",1,321.7167025997139
"Aman Jha#9377","Aman Jha",1,321.7167025997139
"andreheuze#8041","andreheuze",1,321.7167025997139
"mouneer#8389","mouneer",1,321.7167025997139
"suthens#7810","suthens",1,321.7167025997139
"alexblania#9781","alexblania",1,321.7167025997139
"aman_jha#5612","aman_jha",1,321.7167025997139
"ƒ∞rem √áilingir#6054","ƒ∞rem",1,321.7167025997139
"Mikko Ohtamaa#5448","Mikko Ohtamaa",1,321.7167025997139
"Pendulu (Gnosis)#3793","Pendulu (Gnosis)",1,321.7167025997139
"jalal#9038","jalal",1,321.7167025997139
"RM#1164","RM",1,321.7167025997139
"zephyr_security#8602","zephyr_security",1,321.7167025997139
"navarroangel#8768","navarroangel",1,321.7167025997139
"adityamohanty#1318","adityamohanty",1,321.7167025997139
"kingoftheleons#5236","kingoftheleons",1,321.7167025997139
"skim#5674","skim",1,321.7167025997139
"baseball#2223","baseball",1,321.7167025997139
"Anthony#8303","Anthony",1,321.7167025997139
"angel gomez#5685","angel gomez",1,321.7167025997139
"normp9#3726","normp9",1,321.7167025997139
"RomanF#9058","RomanF",1,321.7167025997139
"Father Nifty#7732","Father Nifty",1,321.7167025997139
"eddyildiz#6152","eddyildiz",1,321.7167025997139
"RV#2210","RV",1,321.7167025997139
"0xandrei#4672","0xandrei",1,321.7167025997139
"hans#9480","hans",1,321.7167025997139
"SgtPepper#3186","SgtPepper",1,321.7167025997139
"lakshmiprasads18#5824","lakshmiprasads18",1,321.7167025997139
"noname1975#1817","noname1975",1,321.7167025997139
"DarkSpac3#2177","DarkSpac3",1,321.7167025997139
"thrill#5575","thrill",1,321.7167025997139
"priyanshu#1976","priyanshu",1,321.7167025997139
"exp.table#9120","exp.table",1,321.7167025997139
"dmitry140#8086","dmitry140",1,321.7167025997139
"santho090#7270","santho090",1,321.7167025997139
"Zaaht#8961","Zaaht",1,321.7167025997139
"Trez#9120","Trez",1,321.7167025997139
"eV#8082","eV",1,321.7167025997139
"igp3#4512","igp3",1,321.7167025997139
"cartigayan#1154","cartigayan",1,321.7167025997139
"Faisalalshk#2991","Faisalalshk",1,321.7167025997139
"vidhu#7400","vidhu",1,321.7167025997139
"vladciurca#1143","vladciurca",1,321.7167025997139
"pronoy#2765","pronoy",1,321.7167025997139
"namita#8498","namita",1,321.7167025997139
"neilh#6347","neilh",1,321.7167025997139
"dancing_dead#2908","dancing_dead",1,321.7167025997139
"htkao#1077","htkao",1,321.7167025997139
"CaMaj0r#8979","CaMaj0r",1,321.7167025997139
"HollowLens#0559","HollowLens",1,321.7167025997139
"james89797089#3913","james89797089",1,321.7167025997139
"piLLy#1738","piLLy",1,321.7167025997139
"Slim#3276","Slim",1,321.7167025997139
"itstodzilla#5026","itstodzilla",1,321.7167025997139
"Sphinx#2092","Sphinx",1,321.7167025997139
"fl0rian#7755","fl0rian",1,321.7167025997139
"louispereira#5081","louispereira",1,321.7167025997139
"Shengjie 'Jay'#7970","Shengjie 'Jay'",1,321.7167025997139
"Ags#8572","Ags",1,321.7167025997139
"unknownVS13#2349","unknownVS13",1,321.7167025997139
"smdrnks#2325","smdrnks",1,321.7167025997139
"jshah#8034","jshah",1,321.7167025997139
"FastSloth#9720","FastSloth",1,321.7167025997139
"kgrauer#1171","kgrauer",1,321.7167025997139
"Gabimarti#5830","Gabimarti",1,321.7167025997139
"Jaime Suarez#2219","Jaime Suarez",1,321.7167025997139
"seanwessmith#6124","seanwessmith",1,321.7167025997139
"c0usinlarry#1316","c0usinlarry",1,321.7167025997139
"pinky#5075","pinky",1,321.7167025997139
"XMaster96#7538","XMaster96",1,321.7167025997139
"blackpeace#1034","blackpeace",1,321.7167025997139
"anil#3578","anil",1,321.7167025997139
"ncartmell#3742","ncartmell",1,321.7167025997139
"Seeker#6710","Seeker",1,321.7167025997139
"mikegee#0101","mikegee",1,321.7167025997139
"regraded01#2876","regraded01",1,321.7167025997139
"znexhashpx#0941","znexhashpx",1,321.7167025997139
"Marcus Gray#5239","Marcus Gray",1,321.7167025997139
"Spyware#1981","Spyware",1,321.7167025997139
"yoshi#5572","yoshi",1,321.7167025997139
"hellohello#0923","hellohello",1,321.7167025997139
"JOBR0#2606","JOBR0",1,321.7167025997139
"Perico_o#6465","Perico_o",1,321.7167025997139
"benjalimm#6022","benjalimm",1,321.7167025997139
"rememberlenny.milkvideo.com#9904","rememberlenny.milkvideo.com",1,321.7167025997139
"supersonic71#4504","supersonic71",1,321.7167025997139
"ej#6229","ej",1,321.7167025997139
"asadoughi#2043","asadoughi",1,321.7167025997139
"richardprice100#8126","richardprice100",1,321.7167025997139
"life0x00#9431","life0x00",1,321.7167025997139
"RayG#9822","RayG",1,321.7167025997139
"andreaf#1540","andreaf",1,321.7167025997139
"mmmm39#1196","mmmm39",1,321.7167025997139
"teamshopkins#3482","teamshopkins",1,321.7167025997139
"Trig21#9920","Trig21",1,321.7167025997139
"spacepioneers#4059","spacepioneers",1,321.7167025997139
"aaryaman#5584","aaryaman",1,321.7167025997139
"Samin#4651","Samin",1,321.7167025997139
"jaltman#8090","jaltman",1,321.7167025997139
"StefanPods#4674","StefanPods",1,321.7167025997139
"SpaceX&OpenAI#9998","SpaceX&OpenAI",1,321.7167025997139
"coolcat_zd#9029","coolcat_zd",1,321.7167025997139
"nicosh#2163","nicosh",1,321.7167025997139
"RAMBLE#4645","RAMBLE",1,321.7167025997139
"Verdi#8563","Verdi",1,321.7167025997139
"ceej#0795","ceej",1,321.7167025997139
"LarryFlorio#1811","LarryFlorio",1,321.7167025997139
"zoki_macola#8145","zoki_macola",1,321.7167025997139
"TimbreSociety#9066","TimbreSociety",1,321.7167025997139
"maryg#2758","maryg",1,321.7167025997139
"Marco | impactMarket.com#4335","Marco | impactMarket.com",1,321.7167025997139
"0xLuka.eth#4335","0xLuka.eth",1,321.7167025997139
"ayushisinhahaha#3690","ayushisinhahaha",1,321.7167025997139
"nicktesla#6558","nicktesla",1,321.7167025997139
"BoredElonMusk#1414","BoredElonMusk",1,321.7167025997139
"Dilara#2039","Dilara",1,321.7167025997139
"Duke Rick | County#8983","Duke Rick | County",1,321.7167025997139
"Khalil#8690","Khalil",1,321.7167025997139
"eliomags#6154","eliomags",1,321.7167025997139
"ken_h#7389","ken_h",1,321.7167025997139
"build3r#6193","build3r",1,321.7167025997139
"resh0r#1173","resh0r",1,321.7167025997139
"Stanley#8720","Stanley",1,321.7167025997139
"coconut#8768","coconut",1,321.7167025997139
"gulocry#0406","gulocry",1,321.7167025997139
"Muchtar#6919","Muchtar",1,321.7167025997139
"Vivek_Sena#8084","Vivek_Sena",1,321.7167025997139
"yangwao | KodaDot#1123","yangwao | KodaDot",1,321.7167025997139
"adrian_#4161","adrian_",1,321.7167025997139
"aloisiodesign#0682","aloisiodesign",1,321.7167025997139
"Saad#5331","Saad",1,321.7167025997139
"pamp3rz#5480","pamp3rz",1,321.7167025997139
"oats_knows#5633","oats_knows",1,321.7167025997139
"MaxRealEstate#4705","MaxRealEstate",1,321.7167025997139
"Benjamin Piette | Essentials#0348","Benjamin Piette | Essentials",1,321.7167025997139
"charan#8423","charan",1,321.7167025997139
"ESC#7561","ESC",1,321.7167025997139
"Badge#1516","Badge",1,321.7167025997139
"Onkar#3583","Onkar",1,321.7167025997139
"virtualseal#7441","virtualseal",1,321.7167025997139
"pl33b#9744","pl33b",1,321.7167025997139
"JakePeg#7165","JakePeg",1,321.7167025997139
"ROTOCRYPTO#4330","ROTOCRYPTO",1,321.7167025997139
"cryptoshujaa#0079","cryptoshujaa",1,321.7167025997139
"WebscaleMongo#7965","WebscaleMongo",1,321.7167025997139
"houck#7218","houck",1,321.7167025997139
"Coinman#3184","coinmanbx.eth",1,321.7167025997139
"Greg#9110","Greg",1,321.7167025997139
"bidhan | arweave#6290","bidhan | arweave",1,321.7167025997139
"moonchild#8058","moonchild",1,321.7167025997139
"gpahal#6948","gpahal",1,321.7167025997139
"Rams768#0378","Rams768",1,321.7167025997139
"bluestarpin#9807","bluestarpin",1,321.7167025997139
"rage#1118","rage",1,321.7167025997139
"rashaan#4545","rashaan",1,321.7167025997139
"vinn#5998","vinn",1,321.7167025997139
"Yousif#0342","Yousif",1,321.7167025997139
"Hben#9408","Hben",1,321.7167025997139
"cheeseburger666#5098","cheeseburger666",1,321.7167025997139
"kevinmhj#7208","kevinmhj",1,321.7167025997139
"mfrs#1745","mfrs",1,321.7167025997139
"r0b.eth#1337","r0b.eth",1,321.7167025997139
"mr.zhang#3738","mr.zhang",1,321.7167025997139
"oceanworld#9217","oceanworld",1,321.7167025997139
"irrationaljared#0067","irrationaljared",1,321.7167025997139
"ClanOfKine#3749","ClanOfKine",1,321.7167025997139
"Alyse#0250","Alyse",1,321.7167025997139
"Roasted#1798","Roasted",1,321.7167025997139
"farza#2223","farza",1,321.7167025997139
"jerrysun_#4218","jerrysun_",1,321.7167025997139
"gonzaloperal#5642","gonzaloperal",1,321.7167025997139
"Ruby-Kumari#3399","Ruby-Kumari",1,321.7167025997139
"joshb#4115","joshb",1,321.7167025997139
"duuxster#7855","duuxster",1,321.7167025997139
"ƒ∞kari-Yun#4974","ƒ∞kari-Yun",1,321.7167025997139
"chinese#4246","chinese",1,321.7167025997139
"youyou#3712","youyou",1,321.7167025997139
"Benjamin Francis#2824","Benjamin Francis",1,321.7167025997139
"tahir#9005","tahir",1,321.7167025997139
"lindar#3795","lindar",1,321.7167025997139
"0xBrunoF#6909","0xBrunoF",1,321.7167025997139
"bcast#3471","bcast",1,321.7167025997139
"the_water_way#9726","the_water_way",1,321.7167025997139
"food monsta#4609","food monsta",1,321.7167025997139
"cryptoboundary#6288","cryptoboundary",1,321.7167025997139
"topcointrend.crypto#9283","topcointrend.crypto",1,321.7167025997139
"hainam#0560","hainam",1,321.7167025997139
"cler#9456","cler",1,321.7167025997139
"peps#4802","peps",1,321.7167025997139
"benharvey.eth#8719","benharvey.eth",1,321.7167025997139
"BentleyArt&Design#1010","BentleyArt&Design",1,321.7167025997139
"FukFace#5180","neoRohan",1,321.7167025997139
"GypsyKing#8724","Bond",1,321.7167025997139
"lulznoob#0948","lulznoob",1,321.7167025997139
"Bita_500#6393","Bita_500",1,321.7167025997139
"Holast#0068","Holast",1,321.7167025997139
"Pacman#0369","Pacman",1,321.7167025997139
"Richies#5369","Richies",1,321.7167025997139
"Return Rabbit#5887","Return Rabbit",1,321.7167025997139
"ethweb.bit#6084","ethweb.bit",1,321.7167025997139
"xiaohutuqq#1083","xiaohutuqq",1,321.7167025997139
"iceice#9160","iceice",1,321.7167025997139
"saber#0514","saber",1,321.7167025997139
"lakdo#1567","lakdo",1,321.7167025997139
"jljackson.eth#7710","jljackson.eth",1,321.7167025997139
"tapthebat#3845","tapthebat",1,321.7167025997139
"hoaibao47#9293","hoaibao47",1,321.7167025997139
"JiangfengDeng#0580","JiangfengDeng",1,321.7167025997139
"semen#8348","semen",1,321.7167025997139
"iwinbook#2975","iwinbook",1,321.7167025997139
"Jukijura#5331","Jukijura",1,321.7167025997139
"KaycionMartillo199#6536","KaycionMartillo199",1,321.7167025997139
"rossoneri#3940","rossoneri",1,321.7167025997139
"SamU#1058","SamU",1,321.7167025997139
"erijan88#2664","erijan88",1,321.7167025997139
"gdn_001#6095","gdn_001",1,321.7167025997139
"vas fenlov#4007","vas fenlov",1,321.7167025997139
"fulicula#8324","fulicula",1,321.7167025997139
"Partiets#6918","Partiets",1,321.7167025997139
"yeahthatscool-Jay#9357","yeahthatscool-Jay",1,321.7167025997139
"vlad2255#6879","vlad2255",1,321.7167025997139
"Utawarerunomo | Bored Bunny#3776","Utawarerunomo | Bored Bunny",1,321.7167025997139
"JOMAJO#1393","JOMAJO",1,321.7167025997139
"issacc#3725","issacc",1,321.7167025997139
"Jerremy#6561","Jerremy",1,321.7167025997139
"Jecki#3428","Jecki",1,321.7167025997139
"LuckMyDuck8D#5993","LuckMyDuck8D",1,321.7167025997139
"vanek#0737","vanek",1,321.7167025997139
"shurik#0075","shurik",1,321.7167025997139
"Darazykova#1014","Darazykova",1,321.7167025997139
"eduardvalue11#9353","eduardvalue11",1,321.7167025997139
"melnikov#1905","melnikov",1,321.7167025997139
"danila53#4584","danila53",1,321.7167025997139
"eugenecun#8940","eugenecun",1,321.7167025997139
"AlexRusakov#7911","AlexRusakov",1,321.7167025997139
"harveymarshall#5156","harveymarshall",1,321.7167025997139
"ethelbert#5975","ethelbert",1,321.7167025997139
"silasharper#1128","silasharper",1,321.7167025997139
"MikeWeb#6752","MikeWeb",1,321.7167025997139
"blackjincrypto#1421","blackjincrypto",1,321.7167025997139
"katerinakot#1423","katerinakot",1,321.7167025997139
"innoken#2409","innoken",1,321.7167025997139
"kopcak1410#0180","kopcak1410",1,321.7167025997139
"petrovalu#9432","petrovalu",1,321.7167025997139
"Denis P#5257","Denis P",1,321.7167025997139
"SDFOIHdwfo345#1568","SDFOIHdwfo345",1,321.7167025997139
"Sofia_bright#9411","Sofia_bright",1,321.7167025997139
"vyache#7154","vyache",1,321.7167025997139
"ofiFOIEet4t54a#9605","ofiFOIEet4t54a",1,321.7167025997139
"yunkaew#8116","yunkaew",1,321.7167025997139
"uiane2r2#2374","uiane2r2",1,321.7167025997139
"pgperes#7466","pgperes",1,321.7167025997139
"Alex.ku#5464","Alex.ku",1,321.7167025997139
"Dronzxc#3253","Dronzxc",1,321.7167025997139
"Legaste#3099","Legaste",1,321.7167025997139
"wellyooou#5476","wellyooou",1,321.7167025997139
"Noa Fitch#2870","Noa Fitch",1,321.7167025997139
"gleb13#7185","gleb13",1,321.7167025997139
"nik_che#1539","nik_che",1,321.7167025997139
"zaksyl#1126","zaksyl",1,321.7167025997139
"Boobb#3819","Boobb",1,321.7167025997139
"hatemyselfhateyou#4730","hatemyselfhateyou",1,321.7167025997139
"Sergey Branovitskii#3813","Sergey Branovitskii",1,321.7167025997139
"humanhplus#6704","humanhplus",1,321.7167025997139
"McTraxer#4634","McTraxer",1,321.7167025997139
"Lisa Alisa#1879","Lisa Alisa",1,321.7167025997139
"BicoLico#9482","BicoLico",1,321.7167025997139
"CharJo#2331","CharJo",1,321.7167025997139
"Vv#1248","Vv",1,321.7167025997139
"Th1rstmoney#0432","Th1rstmoney",1,321.7167025997139
"RobbyB#0922","RobbyB",1,321.7167025997139
"_derebanchik_#1891","_derebanchik_",1,321.7167025997139
"rumiton1988#0719","rumiton1988",1,321.7167025997139
"Villeroi#3434","Villeroi",1,321.7167025997139
"–î–∏–º–∞ –°–ø–æ–¥#2612","–î–∏–º–∞ –°–ø–æ–¥",1,321.7167025997139
"Fargo#3898","Fargo",1,321.7167025997139
"Elena$$$#0357","Elena$$$",1,321.7167025997139
"AYPUCT#0566","AYPUCT",1,321.7167025997139
"pWse#2388","pWse",1,321.7167025997139
"ViktorTroshka#4110","ViktorTroshka",1,321.7167025997139
"miltonfabiajime#4469","miltonfabiajime",1,321.7167025997139
"Reeba#4031","Reeba",1,321.7167025997139
"Dionis#5173","Dionis",1,321.7167025997139
"Kate Kulkova#6936","Kate Kulkova",1,321.7167025997139
"VoitikD#4580","VoitikD",1,321.7167025997139
"Schierke#6713","Schierke",1,321.7167025997139
"lxssl#5040","lxssl",1,321.7167025997139
"weahCThis#0016","weahCThis",1,321.7167025997139
"Joker48069#3121","Joker48069",1,321.7167025997139
"alordk#3604","alordk",1,321.7167025997139
"faira#5605","faira",1,321.7167025997139
"IrfanJaya#5421","IrfanJaya",1,321.7167025997139
"Bimba#9119","Bimba",1,321.7167025997139
"X0xz#6326","X0xz",1,321.7167025997139
"oasis (œÉ, œÉ)#0351","oasis (œÉ, œÉ)",1,321.7167025997139
"gonzo14#6051","gonzo14",1,321.7167025997139
"crystalart#8149","crystalart",1,321.7167025997139
"Nick Slukin#4512","Nick Slukin",1,321.7167025997139
"–û–ª—å–≥–∞ –°—É–ø#9838","–û–ª—å–≥–∞ –°—É–ø",1,321.7167025997139
"Nick Glushkov#4436","Nick Glushkov",1,321.7167025997139
"StepanBoy#1232","StepanBoy",1,321.7167025997139
"Hammer782#3952","Hammer782",1,321.7167025997139
"theChurros#4992","theChurros",1,321.7167025997139
"danger#2517","danger",1,321.7167025997139
"–í–∏–∫—Ç–æ—Ä–∏—è567#0089","–í–∏–∫—Ç–æ—Ä–∏—è567",1,321.7167025997139
"vichka3#9744","vichka3",1,321.7167025997139
"–ö–æ—â–µ–µ–≤ –î–º–∏—Ç—Ä–∏–π#4940","–ö–æ—â–µ–µ–≤ –î–º–∏—Ç—Ä–∏–π",1,321.7167025997139
"–ë–æ–¥—Ä—è–∫–æ–≤ –í–∞–¥–∏–º#7529","–ë–æ–¥—Ä—è–∫–æ–≤ –í–∞–¥–∏–º",1,321.7167025997139
"–ü–æ—Ä–æ—à–∏–Ω–∞ –í–µ—Ä–∞#3424","–ü–æ—Ä–æ—à–∏–Ω–∞ –í–µ—Ä–∞",1,321.7167025997139
"Nalamby#7711","Nalamby",1,321.7167025997139
"–õ—è–ª–∏–Ω–∞ –ê–Ω–∞—Å—Ç–∞—Å–∏—è#3452","–õ—è–ª–∏–Ω–∞ –ê–Ω–∞—Å—Ç–∞—Å–∏—è",1,321.7167025997139
"–ú–ê–ö–°–ò–ú –ú–û–õ–û–î–¶–û–í#6603","–ú–ê–ö–°–ò–ú –ú–û–õ–û–î–¶–û–í",1,321.7167025997139
"evivedfiree#2194","evivedfiree",1,321.7167025997139
"yank#3208","yank",1,321.7167025997139
"valdismsk#0892","valdismsk",1,321.7167025997139
"Lukas/NFT#8323","Lukas/NFT",1,321.7167025997139
"Aleksandr Gusev#3689","Aleksandr Gusev",1,321.7167025997139
"Ily Bolshakov#1862","Ily Bolshakov",1,321.7167025997139
"Slava Belorusov#4515","Slava Belorusov",1,321.7167025997139
"SergeyVorobeyv#1341","SergeyVorobeyv",1,321.7167025997139
"–ï–∫–∞—Ç–µ—Ä–∏–Ω–∞ –®–æ—Å—Ç–∏–Ω–∫–æ–≤–∞#7552","–ï–∫–∞—Ç–µ—Ä–∏–Ω–∞ –®–æ—Å—Ç–∏–Ω–∫–æ–≤–∞",1,321.7167025997139
"weahCThis#7733","weahCThis",1,321.7167025997139
"engunumerr#8190","engunumerr",1,321.7167025997139
"z8fkbyf3698684w0gt#6448","z8fkbyf3698684w0gt",1,321.7167025997139
"olesyasamoylov1#9654","olesyasamoylov1",1,321.7167025997139
"bhavishramful#9541","bhavishramful",1,321.7167025997139
"kickstandjohnn#0214","kickstandjohnn",1,321.7167025997139
"Darth Traider#7490","Darth Traider",1,321.7167025997139
"bazzz_21#1166","bazzz_21",1,321.7167025997139
"Mr.Pink#4517","Mr.Pink",1,321.7167025997139
"okoz#9801","okoz",1,321.7167025997139
"makr0n#4266","makr0n",1,321.7167025997139
"aresto|MARA.nft#9238","aresto|MARA.nft",1,321.7167025997139
"Ritterraden#3767","Ritterraden",1,321.7167025997139
"Hoffman#8201","Hoffman",1,321.7167025997139
"KhimkaG#3075","KhimkaG",1,321.7167025997139
"Milioner#3591","Milioner",1,321.7167025997139
"Ignatos#2842","Ignatos",1,321.7167025997139
"Lamadey#8791","Lamadey",1,321.7167025997139
"Pablo_kotoriy?#2323","Pablo_kotoriy?",1,321.7167025997139
"lalka#9443","lalka",1,321.7167025997139
"NazarNaum#4608","NazarNaum",1,321.7167025997139
"Voyagers Akalaron#0343","Voyagers Akalaron",1,321.7167025997139
"Vadum#6367","Vadum",1,321.7167025997139
"evlad771#2757","evlad771",1,321.7167025997139
"dimark3773#9170","dimark3773",1,321.7167025997139
"One#8377","One",1,321.7167025997139
"SwellNoodles#8548","SwellNoodles",1,321.7167025997139
"RiGA|88#7777","RiGA|88",1,321.7167025997139
"oleh#0320","oleh",1,321.7167025997139
"oleh#8581","oleh",1,321.7167025997139
"Evgeny#2287","Evgeny",1,321.7167025997139
"VladS#7763","VladS",1,321.7167025997139
"ak88#6442","ak88",1,321.7167025997139
"Duffer#3084","!Duffer",1,321.7167025997139
"RoyalHope#0935","RoyalHope",1,321.7167025997139
"Fetalio#7933","Fetalio",1,321.7167025997139
"archbrume#0560","archbrume",1,321.7167025997139
"analumimy#9496","analumimy",1,321.7167025997139
"entoni_07#2660","entoni_07",1,321.7167025997139
"makermoney07#2446","makermoney07",1,321.7167025997139
"liza888#4213","liza888",1,321.7167025997139
"bimobio#6328","bimobio",1,321.7167025997139
"nguyenmakemmo#9796","nguyenmakemmo",1,321.7167025997139
"hanasnake#8369","hanasnake",1,321.7167025997139
"tatagochi#1144","tatagochi",1,321.7167025997139
"x7age#4057","x7age",1,321.7167025997139
"lazy_collector#4287","lazy_collector",1,321.7167025997139
"Serafim#2908","serafim.eth",1,321.7167025997139
"pepes#2448","pepes",1,321.7167025997139
"Lilu#2042","Lilu",1,321.7167025997139
"KateKate#5401","KateKate",1,321.7167025997139
"Andr#4769","Andr",1,321.7167025997139
"infiniti#1744","infiniti",1,321.7167025997139
"Apegeneral#7926","Apegeneral",1,321.7167025997139
"Jamescooper#7032","Jamescooper",1,321.7167025997139
"ottalabotta#1967","ottalabotta",1,321.7167025997139
"sarah2022#4766","sarah2022",1,321.7167025997139
"Mathis#5539","Mathis",1,321.7167025997139
"stopua#7311","stopua",1,321.7167025997139
"mormon#2405","mormon",1,321.7167025997139
"stefano_0x#5371","stefano_0x",1,321.7167025997139
"nodonnel#9741","nodonnel",1,321.7167025997139
"llkoolbear#7826","llkoolbear",1,321.7167025997139
"Whambammy#3707","Whambammy",1,321.7167025997139
"rileybarabash#9665","rileybarabash",1,321.7167025997139
"valardohaeriz#1106","valardohaeriz",1,321.7167025997139
"alekbot#3958","alekbot",1,321.7167025997139
"brush701#3162","brush701",1,321.7167025997139
"Russ#2545","Russ",1,321.7167025997139
"samuelvdj#5336","samuelvdj",1,321.7167025997139
"Howler#8791","Howler",1,321.7167025997139
"nilsedison#1796","nilsedison",1,321.7167025997139
"osk#0105","osk",1,321.7167025997139
"InDAOwetrust#0760","InDAOwetrust",1,321.7167025997139
"riisiharakka#9394","riisiharakka",1,321.7167025997139
"ndehouche#7983","ndehouche",1,321.7167025997139
"mtype#8681","mtype",1,321.7167025997139
"MacBudkowski#2817","MacBudkowski",1,321.7167025997139
"Lito#5835","Lito",1,321.7167025997139
"BriefMortal#3584","BriefMortal",1,321.7167025997139
"happyhydra#0775","happyhydra",1,321.7167025997139
"dazeign#3332","dazeign",1,321.7167025997139
"hope-#1529","hope-",1,321.7167025997139
"davenemetz#8114","davenemetz",1,321.7167025997139
"yasmeen butt#8881","yasmeen butt",1,321.7167025997139
"Terkea#6724","Terkea",1,321.7167025997139
"Sean Rowland#0726","Sean Rowland",1,321.7167025997139
"Ëî°ËÄÄÊ¨Ω#0890","Ëî°ËÄÄÊ¨Ω",1,321.7167025997139
"julianPerassi#5932","julianPerassi",1,321.7167025997139
"DignityDragon_Kels#6775","DignityDragon_Kels",1,321.7167025997139
"garthf#5260","garthf",1,321.7167025997139
"funkydegen#2155","funkydegen",1,321.7167025997139
"Belsazar#8445","Belsazar",1,321.7167025997139
"wangsta#4142","wangsta",1,321.7167025997139
"patrickryan.eth#6019","patrickryan.eth",1,321.7167025997139
"MMRides#8592","MMRides",1,321.7167025997139
"davidtsong#4630","davidtsong",1,321.7167025997139
"Blockpusher_J#3137","Blockpusher_J",1,321.7167025997139
"R.G.M#6255","R.G.M",1,321.7167025997139
"karthik#7728","karthik",1,321.7167025997139
"albertlie#7026","albertlie",1,321.7167025997139
"GigiPiscitelli#7529","GigiPiscitelli",1,321.7167025997139
"chiefjogger#8509","chiefjogger",1,321.7167025997139
"Tushee#1680","Tushee",1,321.7167025997139
"dcottin#0624","dcottin",1,321.7167025997139
"DimaUndso#6580","DimaUndso",1,321.7167025997139
"mkocha#7070","mkocha",1,321.7167025997139
"Jhamar#4212","Jhamar",1,321.7167025997139
"KW#1124","KW",1,321.7167025997139
"KB#3425","KB",1,321.7167025997139
"lambda#7737","lambda",1,321.7167025997139
"LukeO'Donoughue#9964","LukeO'Donoughue",1,321.7167025997139
"Kroo#4786","Kroo",1,321.7167025997139
"JeanAndreV#4531","JeanAndreV",1,321.7167025997139
"vkr11#9634","vkr11",1,321.7167025997139
"jasonma201#9839","jasonma201",1,321.7167025997139
"Dahfab#9234","Dahfab",1,321.7167025997139
"kessbag#7127","kessbag",1,321.7167025997139
"AlkH#9569","AlkH",1,321.7167025997139
"ponoma20#1100","ponoma20",1,321.7167025997139
"GoodHike#2904","GoodHike",1,321.7167025997139
"Shrubh_#0298","Shrubh_",1,321.7167025997139
"shasha#3861","shasha",1,321.7167025997139
"jeffreyq#3491","jeffreyq",1,321.7167025997139
"Kocher#9574","Kocher",1,321.7167025997139
"Harrison | Wylloh#0466","Harrison | Wylloh",1,321.7167025997139
"YousefAEN#5020","YousefAEN",1,321.7167025997139
"humane_male#1057","humane_male",1,321.7167025997139
"ktb18d#4750","ktb18d",1,321.7167025997139
"Sean Weng#5814","Sean Weng",1,321.7167025997139
"bdavis#7395","bdavis",1,321.7167025997139
"Heretosaveusall#4630","Heretosaveusall",1,321.7167025997139
"zach#7777","zach",1,321.7167025997139
"mayurch#9300","mayurch",1,321.7167025997139
"Chamira#3087","Chamira",1,321.7167025997139
"GolferGraham#9012","GolferGraham",1,321.7167025997139
"Moebius#8754","Moebius",1,321.7167025997139
"agAgent1x1#1074","agAgent1x1",1,321.7167025997139
"automin#0001","automin",1,321.7167025997139
"∆ëriendsvow*‚Ñ¢*#9354","∆ëriendsvow*‚Ñ¢*",1,321.7167025997139
"Brayden#4227","Brayden",1,321.7167025997139
"Bita_300#6258","Bita_300",1,321.7167025997139
"Maria/25#2016","Maria/25",1,321.7167025997139
"Katielet#9850","Katielet",1,321.7167025997139
"LnDrAcEr#3674","LnDrAcEr",1,321.7167025997139
"Genji#9634","Genji",1,321.7167025997139
"bsanders#1474","bsanders",1,321.7167025997139
"dot#3553","dot",1,321.7167025997139
"stealthcat#2021","stealthcat",1,321.7167025997139
"mudrankgupta#6297","mudrankgupta",1,321.7167025997139
"melk#8101","melk",1,321.7167025997139
"zorga#1831","zorga",1,321.7167025997139
"Lonis.eth#8172","Lonis.eth",1,321.7167025997139
"eli-front#8612","eli-front",1,321.7167025997139
"nicholas#7777","nicholas",1,321.7167025997139
"NO_REM_SLEEP_2020#5467","NO_REM_SLEEP_2020",1,321.7167025997139
"dwlz#3203","dwlz",1,321.7167025997139
"random69lmao#3827","random69lmao",1,321.7167025997139
"tomfool#3788","tomfool",1,321.7167025997139
"WILDMAN#1273","WILDMAN",1,321.7167025997139
"! almondmilk#8596","! almondmilk",1,321.7167025997139
"scotato#0001","scotato",1,321.7167025997139
"Alex Popa#6632","Alex Popa",1,321.7167025997139
"galore#4891","galore",1,321.7167025997139
"roselectrica#0170","roselectrica",1,321.7167025997139
"Quinn#4357","Quinn",1,321.7167025997139
"Kachinni#3052","Kachinni",1,321.7167025997139
"_rohit#8365","_rohit",1,321.7167025997139
"mindau#0098","mindau",1,321.7167025997139
"thuja#8936","thuja",1,321.7167025997139
"forzaaista#8906","forzaaista",1,321.7167025997139
"david0#6232","david0",1,321.7167025997139
"Bird#4105","bradley",1,321.7167025997139
"Gerard | Flowstarter#2659","Gerard | Flowstarter",1,321.7167025997139
"flooksta#5599","flooksta",1,321.7167025997139
"eagleonamound#2113","eagleonamound",1,321.7167025997139
"KAIJUJ‚óéŒû#5090","KAIJUJ‚óéŒû",1,321.7167025997139
"veekay#8686","veekay",1,321.7167025997139
"PENTAXIUS#5158","PENTAXIUS",1,321.7167025997139
"krel.eth#0404","krel.eth",1,321.7167025997139
"Bastian | Octomo#8835","Bastian | Octomo",1,321.7167025997139
"Taycan#6438","Taycan",1,321.7167025997139
"yny#4766","yny",1,321.7167025997139
"Zeno#6431","Zeno",1,321.7167025997139
"Yusuket#7777","Yusuket",1,321.7167025997139
"liliil#0578","liliil",1,321.7167025997139
"TheBigPaint#5876","TheBigPaint",1,321.7167025997139
"ddude#2112","ddude",1,321.7167025997139
"emrow.eth#6134","emrow.eth",1,321.7167025997139
"kaz#0103","kaz",1,321.7167025997139
"PlanetLEO#5240","PlanetLEO",1,321.7167025997139
"fnery#4202","fnery",1,321.7167025997139
"reth#7968","reth",1,321.7167025997139
"pabesq#8412","pabesq",1,321.7167025997139
"cerv1#9695","cerv1",1,321.7167025997139
"andy.mike#4025","andy.mike",1,321.7167025997139
"0xkhwarizmi#4894","0xkhwarizmi",1,321.7167025997139
"amaixamai#1309","amaixamai",1,321.7167025997139
"Josh!#1907","Josh!",1,321.7167025997139
"chef-bud#8845","chef-bud",1,321.7167025997139
"truck#2096","truck",1,321.7167025997139
"James Young | Collab.Land#0001","James Young | Collab.Land",1,321.7167025997139
"alfongj#7638","alfongj",1,321.7167025997139
"oli_harry#6377","oli_harry",1,321.7167025997139
"nickk#8370","nickk",1,321.7167025997139
"liberty#0141","liberty",1,321.7167025997139
"kittymayo#9379","kittymayo",1,321.7167025997139
"anthony_ahn#1394","anthony_ahn",1,321.7167025997139
"pjhrrs#1704","pjhrrs",1,321.7167025997139
"liang#5437","liang",1,321.7167025997139
"altmbr#0001","altmbr",1,321.7167025997139
"Tao#2533","Tao",1,321.7167025997139
"Joelüè¥#9244","Joelüè¥",1,321.7167025997139
"monchisan#5761","monchisan",1,321.7167025997139
"nioannou#9005","nioannou",1,321.7167025997139
"0xjitsuüçùüè¥#0007","0xjitsuüçùüè¥",1,321.7167025997139
"petewhore#7711","petewhore",1,321.7167025997139
"zhoopa#3722","zhoopa",1,321.7167025997139
"PennePlz#9531","PennePlz",1,321.7167025997139
"josiah#0669","josiah",1,321.7167025997139
"nitrostonks#8669","nitrostonks",1,321.7167025997139
"stake#4987","stake",1,321.7167025997139
"bottomseller#5028","bottomseller",1,321.7167025997139
"StevenZ#6601","StevenZ",1,321.7167025997139
"TheButros#8944","TheButros",1,321.7167025997139
"0xMRB _/#2224","0xMRB _/",1,321.7167025997139
"Koji Lemaiyan Tokida#4507","Koji Lemaiyan Tokida",1,321.7167025997139
"YOdAtO$Hi#4800","YOdAtO$Hi",1,321.7167025997139
"0x1be20#6258","0x1be20",1,321.7167025997139
"Pheor0#4928","Pheor0",1,321.7167025997139
"robinlee#3216","robinlee",1,321.7167025997139
"Sagar#2139","Sagar",1,321.7167025997139
"SGN_047#6849","Gana",1,321.7167025997139
"Richard Dulude#9415","Richard Dulude",1,321.7167025997139
"danchoi.eth#6397","danchoi.eth",1,321.7167025997139
"gauravwagmi#5674","gauravwagmi",1,321.7167025997139
"bt3gl#1188","bt3gl",1,321.7167025997139
"keiji#0337","keiji",1,321.7167025997139
"thaddaeus#8634","thaddaeus",1,321.7167025997139
"mc_thinking#6461","mc_thinking",1,321.7167025997139
"Nader Khalil#7045","Nader Khalil",1,321.7167025997139
"JackS#6609","JackS",1,321.7167025997139
"oop#1331","oop",1,321.7167025997139
"Compress#9972","Compress",1,321.7167025997139
"jonathandavis#5057","jonathandavis",1,321.7167025997139
"ilia#8452","ilia",1,321.7167025997139
"Simon Olsn#9030","Simon Olsn",1,321.7167025997139
"JC#9307","JC",1,321.7167025997139
"Huiya#5707","Huiya",1,321.7167025997139
"enfamil#3658","enfamil",1,321.7167025997139
"!  Temple#0601","!  Temple",1,321.7167025997139
"17meter#6680","17meter",1,321.7167025997139
"Marinski#1432","Marinski",1,321.7167025997139
"youngone_#7836","youngone_",1,321.7167025997139
"400bibitata#7044","400bibitata",1,321.7167025997139
"7bitamin#2063","7bitamin",1,321.7167025997139
"xuxudong#7008","xuxudong",1,321.7167025997139
"Kluge#5367","Kluge",1,321.7167025997139
"ScottZSH#2449","ScottZSH",1,321.7167025997139
"M.F.L#9999","M.F.L",1,321.7167025997139
"David#7547","@dladowitz",1,321.7167025997139
"meta913b#5463","meta913b",1,321.7167025997139
"foolish#0001","foolish",1,321.7167025997139
"tommasotosi#2548","tommasotosi",1,321.7167025997139
"Kevin Campos#5697","Kevin Campos",1,321.7167025997139
"0xFriendlyFire#3979","0xFriendlyFire",1,321.7167025997139
"derryqlay#3281","derryqlay",1,321.7167025997139
"mrmekkk#6176","mrmekkk",1,321.7167025997139
"Eugene_k#7367","Eugene_k",1,321.7167025997139
"Nikos100#9317","Nikos100",1,321.7167025997139
"–î—Ä—É–∂–∏–Ω–∏–Ω –î–º–∏—Ç—Ä–∏–π#5629","–î—Ä—É–∂–∏–Ω–∏–Ω –î–º–∏—Ç—Ä–∏–π",1,321.7167025997139
"zoofar Œû the other dao#2484","zoofar Œû the other dao",1,321.7167025997139
"Arviee#0151","Arviee",1,321.7167025997139
"perec#3350","perec",1,321.7167025997139
"IceUpX#5319","IceUpX",1,321.7167025997139
"Sebastian_Pereira#7623","Sebastian_Pereira",1,321.7167025997139
"Leopold#8689","Leopold",1,321.7167025997139
"Aleks#9854","Aleks",1,321.7167025997139
"moni#1740","moni",1,321.7167025997139
"franklin#8841","franklin",1,321.7167025997139
"leo777#7692","leo777",1,321.7167025997139
"TheBig#3399","TheBig",1,321.7167025997139
"rondo#4408","rondo",1,321.7167025997139
"leha#9609","leha",1,321.7167025997139
"Leonid#9306","Leonid",1,321.7167025997139
"RomanRefah#8002","RomanRefah",1,321.7167025997139
"shonya#8826","shonya",1,321.7167025997139
"nata22#0396","nata22",1,321.7167025997139
"Vi (‚àû)#9209","Vi (‚àû)",1,321.7167025997139
"den3a32#6548","den3a32",1,321.7167025997139
"listminle#7456","listminle",1,321.7167025997139
"Pro.Serg#2180","Pro.Serg",1,321.7167025997139
"StarBur#7288","StarBur",1,321.7167025997139
"Yerinn15#0037","Yerinn15",1,321.7167025997139
"Znasty11#9946","Znasty11",1,321.7167025997139
"lex.keks#3437","lex.keks",1,321.7167025997139
"AlexDev#1268","AlexDev",1,321.7167025997139
"Sandro#7531","Sandro",1,321.7167025997139
"helendi#7137","helendi",1,321.7167025997139
"hibro#0490","hibro",1,321.7167025997139
"MarinaRefah#1187","MarinaRefah",1,321.7167025997139
"Dovgy#3055","Dovgy",1,321.7167025997139
"honey_bee#9866","honey_bee",1,321.7167025997139
"cryptoaxel#2921","cryptoaxel",1,321.7167025997139
"Honor#6039","Honor",1,321.7167025997139
"DAOparty#0460","DAOparty",1,321.7167025997139
"nodeval#0094","nodeval",1,321.7167025997139
"skhoders#2109","skhoders",1,321.7167025997139
"Pepa#1572","Pepa",1,321.7167025997139
"BennySilver#9172","BennySilver",1,321.7167025997139
"Ostapenko#4957","Ostapenko",1,321.7167025997139
"Gogidjana#5061","Gogidjana",1,321.7167025997139
"electronhik#5876","electronhik",1,321.7167025997139
"Punkisdead#0613","Punkisdead",1,321.7167025997139
"noper#1960","noper",1,321.7167025997139
"Gery#3196","Gery",1,321.7167025997139
"Dontstopmenow#3054","Dontstopmenow",1,321.7167025997139
"Mczeem#7004","Mczeem",1,321.7167025997139
"clawsy#1576","clawsy",1,321.7167025997139
"PapanyaNemeckiy#0439","PapanyaNemeckiy",1,321.7167025997139
"Zorro#4507","Zorro",1,321.7167025997139
"elonielll#7588","elonielll",1,321.7167025997139
"LoisLois#1311","LoisLois",1,321.7167025997139
"Bagov#5599","Bagov",1,321.7167025997139
"katnvz233#3610","katnvz233",1,321.7167025997139
"aLIsHeR109#8185","aLIsHeR109",1,321.7167025997139
"mylordillidan#5664","mylordillidan",1,321.7167025997139
"Cliffy_cliff#4199","Cliffy_cliff",1,321.7167025997139
"itachimichima#6083","itachimichima",1,321.7167025997139
"vasyabatt98#8853","vasyabatt98",1,321.7167025997139
"Frogy#9846","Frogy",1,321.7167025997139
"Harip909#3304","Harip909",1,321.7167025997139
"Lee Paicu#8044","Lee Paicu",1,321.7167025997139
"Avrora_Sex#6358","Avrora_Sex",1,321.7167025997139
"Igor-ka#2132","Igor-ka",1,321.7167025997139
"svetlanamuraveva#9809","svetlanamuraveva",1,321.7167025997139
"lika05#7468","lika05",1,321.7167025997139
"naira#5105","naira",1,321.7167025997139
"Andrqredo09#2368","Andrqredo09",1,321.7167025997139
"kashirinadam#8021","kashirinadam",1,321.7167025997139
"dzaalan22#2374","dzaalan22",1,321.7167025997139
"pyotr1#7620","pyotr1",1,321.7167025997139
"aashot0077#2378","aashot0077",1,321.7167025997139
"leninakate228#3152","leninakate228",1,321.7167025997139
"igorjanauf#6616","igorjanauf",1,321.7167025997139
"Lviv33#9206","Lviv33",1,321.7167025997139
"gaydaralina02#3049","gaydaralina02",1,321.7167025997139
"Kunfuger#2122","Kunfuger",1,321.7167025997139
"dmitmat#8882","dmitmat",1,321.7167025997139
"Kakadu#0560","Kakadu",1,321.7167025997139
"romanovmironovich#1703","romanovmironovich",1,321.7167025997139
"ponoma20 | Survival Game#1100","ponoma20 | Survival Game",1,321.7167025997139
"jorjsel121#1834","jorjsel121",1,321.7167025997139
"uraurauragaz#7313","uraurauragaz",1,321.7167025997139
"sonaluckaa53#1301","sonaluckaa53",1,321.7167025997139
"antipovslavaman#7561","antipovslavaman",1,321.7167025997139
"lubovkarick#0885","lubovkarick",1,321.7167025997139
"genkadorosh#3525","genkadorosh",1,321.7167025997139
"shuchkinapola#2388","shuchkinapola",1,321.7167025997139
"ahawk#3061","ahawk",1,321.7167025997139
"lolkinefim#4640","lolkinefim",1,321.7167025997139
"ludochkazhuchara#5244","ludochkazhuchara",1,321.7167025997139
"MeganCo23633330#1553","MeganCo23633330",1,321.7167025997139
"esdras_jhonny#3449","esdras_jhonny",1,321.7167025997139
"MaciOrr#7703","MaciOrr",1,321.7167025997139
"sonecajoinville#6040","sonecajoinville",1,321.7167025997139
"TeresaThrash8#8985","TeresaThrash8",1,321.7167025997139
"yrykhau#0804","yrykhau",1,321.7167025997139
"Gector#0596","Gector",1,321.7167025997139
"Shiva#0731","Shiva",1,321.7167025997139
"vladadamov575#0562","vladadamov575",1,321.7167025997139
"southernbell098#2227","southernbell098",1,321.7167025997139
"mariop41#6655","mariop41",1,321.7167025997139
"izlzl#4426","izlzl",1,321.7167025997139
"mydearandnear#4171","mydearandnear",1,321.7167025997139
"mortem#8643","mortem",1,321.7167025997139
"RGBChameleon#6376","RGBChameleon",1,321.7167025997139
"denshishka77#0756","denshishka77",1,321.7167025997139
"vlist333#6025","vlist333",1,321.7167025997139
"maximart001#4765","maximart001",1,321.7167025997139
"DishShah#9358","DishShah",1,321.7167025997139
"alisasolomatin#8520","alisasolomatin",1,321.7167025997139
"alinaalinova#8465","alinaalinova",1,321.7167025997139
"Katekus#8569","Katekus",1,321.7167025997139
"nerikziitoOw#2435","nerikziitoOw",1,321.7167025997139
"OlyaRashina#5628","OlyaRashina",1,321.7167025997139
"–ê–Ω—è –ö–æ–≤–∞–ª—å#4545","–ê–Ω—è –ö–æ–≤–∞–ª—å",1,321.7167025997139
"giliglab#8516","giliglab",1,321.7167025997139
"artemsalnov#4615","artemsalnov",1,321.7167025997139
"airatbadaev21#1555","airatbadaev21",1,321.7167025997139
"–õ—é–¥–º–∏–ª–∞#2189","–õ—é–¥–º–∏–ª–∞",1,321.7167025997139
"vadimmelnikauf#4847","vadimmelnikauf",1,321.7167025997139
"vartanovsanya#1594","vartanovsanya",1,321.7167025997139
"1dimagarinov#7796","1dimagarinov",1,321.7167025997139
"nicolaiiin#9884","nicolaiiin",1,321.7167025997139
"kristili385#7575","kristili385",1,321.7167025997139
"23zaparin#5088","23zaparin",1,321.7167025997139
"gogagoga2144#5275","gogagoga2144",1,321.7167025997139
"maxzepin#2755","maxzepin",1,321.7167025997139
"abramovkonstantin111#4573","abramovkonstantin111",1,321.7167025997139
"nikidebero#1674","nikidebero",1,321.7167025997139
"naxntan99#5793","naxntan99",1,321.7167025997139
"EseStarszLokks#7664","EseStarszLokks",1,321.7167025997139
"sitesnew#5396","sitesnew",1,321.7167025997139
"ningito#3299","ningito",1,321.7167025997139
"rosejhappens#3170","rosejhappens",1,321.7167025997139
"FashionCataV#9944","FashionCataV",1,321.7167025997139
"molly_saunder12#6992","molly_saunder12",1,321.7167025997139
"AdelNoahman#1312","AdelNoahman",1,321.7167025997139
"diamanterus#6629","diamanterus",1,321.7167025997139
"ness585#4040","ness585",1,321.7167025997139
"gpsslava562guy#9456","gpsslava562guy",1,321.7167025997139
"yopm12684ls6#1960","yopm12684ls6",1,321.7167025997139
"u9bogdanov.sp602nb9#7959","u9bogdanov.sp602nb9",1,321.7167025997139
"cszzsalisia7hoxnine878n6mn#1786","cszzsalisia7hoxnine878n6mn",1,321.7167025997139
"rimosehvhdt#6813","rimosehvhdt",1,321.7167025997139
"ojjroost3254tn8#3179","ojjroost3254tn8",1,321.7167025997139
"v2booss.den981rha#6528","v2booss.den981rha",1,321.7167025997139
"qhqsformyavito885yr#8571","qhqsformyavito885yr",1,321.7167025997139
"4w5l0worm853vjs5#7279","4w5l0worm853vjs5",1,321.7167025997139
"4jqwertyuiop9511747dqe#9766","4jqwertyuiop9511747dqe",1,321.7167025997139
"yetitmovesband#3414","yetitmovesband",1,321.7167025997139
"Nesti#6879","Nesti",1,321.7167025997139
"zarrubinromich#5428","zarrubinromich",1,321.7167025997139
"nastyachush#4615","nastyachush",1,321.7167025997139
"edgarvoron78#5257","edgarvoron78",1,321.7167025997139
"nastyanos00#5818","nastyanos00",1,321.7167025997139
"karinkakimka#9412","karinkakimka",1,321.7167025997139
"amyanars#1190","amyanars",1,321.7167025997139
"Golka#9674","Golka",1,321.7167025997139
"VectorDias#0556","VectorDias",1,321.7167025997139
"VikaNFT#7058","VikaNFT",1,321.7167025997139
"deedyago#9520","deedyago",1,321.7167025997139
"IvanVadila#4749","IvanVadila",1,321.7167025997139
"AshabCrypto#0795","AshabCrypto",1,321.7167025997139
"AnnaSis#9865","AnnaSis",1,321.7167025997139
"VovaTaks#8736","VovaTaks",1,321.7167025997139
"OKovrov#8926","OKovrov",1,321.7167025997139
"KollegaNFT#2791","KollegaNFT",1,321.7167025997139
"DanvoyGG | TFC#9029","DanvoyGG | TFC",1,321.7167025997139
"andrewsol456#0643","andrewsol456",1,321.7167025997139
"chyuriy88#2645","chyuriy88",1,321.7167025997139
"alexvasil727#4949","alexvasil727",1,321.7167025997139
"kvachuk37#3848","kvachuk37",1,321.7167025997139
"emolokov1998#3687","emolokov1998",1,321.7167025997139
"yurakit111#7408","yurakit111",1,321.7167025997139
"yourluck#5026","yourluck",1,321.7167025997139
"alexpoker#3110","alexpoker",1,321.7167025997139
"Noelia_Diaz63#9228","Noelia_Diaz63",1,321.7167025997139
"Noelia88666#4704","Noelia88666",1,321.7167025997139
"NoemiSastre#2091","NoemiSastre",1,321.7167025997139
"achoi#1463","achoi",1,321.7167025997139
"fetelihan#1096","fetelihan",1,321.7167025997139
"reko_chin#5763","reko_chin",1,321.7167025997139
"RondaTu08335322#5620","RondaTu08335322",1,321.7167025997139
"ElisaRea4#3654","ElisaRea4",1,321.7167025997139
"BrandiOpdahl5#0274","BrandiOpdahl5",1,321.7167025997139
"SummerA29344188#5871","SummerA29344188",1,321.7167025997139
"Thatstier#4617","Thatstier",1,321.7167025997139
"sansasoo#2579","sansasoo",1,321.7167025997139
"caocao#2512","caocao",1,321.7167025997139
"Metagen#3815","Metagen",1,321.7167025997139
"MaribelDixon11#9063","MaribelDixon11",1,321.7167025997139
"camille_maughan#0361","camille_maughan",1,321.7167025997139
"KimmieYoung6#5328","KimmieYoung6",1,321.7167025997139
"Jessica29982633#4379","Jessica29982633",1,321.7167025997139
"cbotcargos#4984","cbotcargos",1,321.7167025997139
"jonnyschneids#2820","jonnyschneids",1,321.7167025997139
"enso#3570","enso",1,321.7167025997139
"nbagamer ( üî± , üî± )(üëæ,üëæ)#6349","nbagamer ( üî± , üî± )(üëæ,üëæ)",1,321.7167025997139
"pryce | Utopia Labs ‚õ©#7730","pryce | Utopia Labs ‚õ©",1,321.7167025997139
"GostCyber#8388","GostCyber",1,321.7167025997139
"Serg | DeFi#5888","Serg | DeFi",1,321.7167025997139
"Sofiii#2515","Sofiii",1,321.7167025997139
"elguapo#0020","elguapo",1,321.7167025997139
"nev#4905","nev",1,321.7167025997139
"Terps#9710","Terps",1,321.7167025997139
"kenue#4299","kenue",1,321.7167025997139
"StarTreeTVüåäüèÜ#3103","StarTreeTVüåäüèÜ",1,321.7167025997139
"alterwalker#8769","alterwalker",1,321.7167025997139
"linch#7127","linch",1,321.7167025997139
"Nikky713#1586","Nikky713",1,321.7167025997139
"Tefferon#3692","Tefferon",1,321.7167025997139
"aleemrehmtulla#8012","aleemrehmtulla",1,321.7167025997139
"joquity#8152","joquity",1,321.7167025997139
"Datz#4474","Datz | DeSto.re",1,321.7167025997139
"SazMatic#1908","SazMatic",1,321.7167025997139
"kaito | Utopia Labs ‚õ©#5843","kaito | Utopia Labs ‚õ©",1,321.7167025997139
"Crypto-Ivan#2470","Crypto-Ivan",1,321.7167025997139
"karabas#2635","karabas",1,321.7167025997139
"isiah#1111","isiah.eth",1,321.7167025997139
"Kamis#4005","Kamis",1,321.7167025997139
"Alina32#1019","Alina32",1,321.7167025997139
"wijayapatra#1895","wijayapatra",1,321.7167025997139
"Andrew#4295","Andrew",1,321.7167025997139
"Qredogon11#7995","Qredogon11",1,321.7167025997139
"dimadimadima4646#1917","dimadimadima4646",1,321.7167025997139
"06potehina10729ldkn#6110","06potehina10729ldkn",1,321.7167025997139
"tempest#4002","tempest",1,321.7167025997139
"saxenasaheb#2331","saxenasaheb",1,321.7167025997139
"Dale#3359","Dale",1,321.7167025997139
"carzy#2049","carzy",1,321.7167025997139
